"　　中国证券网讯（记者 朱先妮）记者从长亮科技(行情300348,诊股)获悉，公司近日入选“2017中国软件(行情600536,诊股)与信息技术服务综合竞争力百强企业”。
　　据悉，该名单于近期由中国电子信息行业联合会和中国软件行业协会共同发布，获评企业经过一系列评选得出，是中国软件行业先锋代表团队。据组委会针对百强企业发展情况所做的数据分析显示，过去一年，百强企业深入落实创新、协调、绿色、开放和共享的发展理念，在规模效益、研发创新、融合引领和国际经营等方面成就突出，自主创新成效显著。
　　纵观长亮科技，自成立以来，15年间坚持不懈走自主创新发展之路，金融信息化业务覆盖银行、保险、基金、证券以及泛金融等，其中银行信息化产品涵盖业务类、管理类、渠道类三大系列，是国内唯一一家能够提供自主研发以上三大类别解决方案的企业。
　　企业不仅在银行信息化建设领域做出突出贡献，在新的时代契机下，更是将企业发展同国家创新战略想结合，积极拓展海外市场，携手“一带一路”，在核心系统长期保持领先地位基础上，借鉴互联网思维对银行现有金融服务产品和渠道进行整合升级，自主研发提供完整的互联网金融平台服务方案，助力海内外银行及金融企业掘金互联网时代。
　　当前，企业已经同海内外400余家金融机构建立合作，利用创新软件普惠全球。业内人士认为，此次荣登百强，是长亮科技实力的证明和成绩的体现。未来，公司将继续秉承为客户创造最大价值的理念提升研发实力，强大软件内核，成为引领信息化变革的全球IT金融解决方案专家。",媒体新闻,17044118129528087611_0_55423,长亮科技入选中国软件与信息技术服务综合竞争力百强企业,中国软件,1
"　　核心观点
　　1.董事长换届，国企改革进程有望提速。公司现任董事长杨军辞职，原公司总经理周进军经选举接任公司第六届董事会董事长。周进军系教授级高级工程师，2004年1月任公司副总经理，后升任公司董事、总经理，对公司技术研发、业务管理流程等了解清晰，未来有望带领公司业绩更上一层楼。中央经济工作会议指出混合所有制改革是国企改革的重要突破口，继中国电子将所持公司2.23亿股股股份无偿划转给其全资子公司中国电子有限公司后，董事长换届是公司国企改革的进一步深化，随着国改推进，公司经营效率有望大幅提高，未来收益可期。
　　2.党政国产化替代项目逐渐落地，自主可控龙头17年有望迎来爆发。党政办公国产化替换项目共分三期：一期示范效应已验收；二期试点60亿，目标2017年底完成；三期实现2020年全国范围全面替换完成。随着党政国产化替代招标项目陆续进行，公司作为CEC二号工程自主可控的软件平台，形成了芯片（飞腾）+数据库（达梦）+操作系统（中标麒麟）+网络设备（迈普通信）的一体化产品线，为重要行业国产化替代奠定平台级基础。同时公司加大研发力度，2017一季度2479.25万元，较年初增长98.64%，主要用于迈普通信自主可控项目研发，对公司未来业绩增长起到重要促进作用。
　　3.金税三期部署完成，重点行业推广顺利。公司完成了全国税务征管软件版本在全国36个省市区（含5个计划单列市）、70个省级国、地税局的统一部署，新一代“电子税务局”产品成功在重庆等19省国、地税上线应用，覆盖纳税人用户1000万以上。同时，公司在铁路通信、金融、医卫等行业业务拓展顺利，为公司未来业绩增长奠定坚实基础。
　　4.盈利预测与估值：FT1500ACPU+麒麟OS生态日趋成熟，自主可控业务有望持续爆发，公司2018年净利润有望达3.34亿元，对应30XPE，建议投资者重点关注。
　　风险提示：自主可控业务不及预期，市场竞争加剧。",媒体新闻,10601582494014349236_0_590318,国企改革有望提速，自主可控龙头未来业绩可期,中国软件,1
"　　中国软件国际（00354）发布公告，就有关增发9亿港元可换股票据，订购协议的所有条件已经达成，公司亦已于2017年7月3日向最终认购方发行本金总额为9亿港元可换股票据。根据每股兑换股份的初步换股价为5.00港元为基准，在可换股票据所附的换股权被悉数行使的情况下，就此将会配发及发行的最高股份数目为1.8亿股。
　　此外，陈一丹透过认购任何两名最终认购人的有限合伙人权益，将会在完成后随即间接实益持有本金总额达5.4亿港元的可换股票据。根据补充协议，陈一丹间接实益持有的可换股票据已修订为5.71亿港元。",媒体新闻,10272929026187751213_0_588774,中国软件国际完成增发9亿港元可换股票据,中国软件,1
"　　中国软件公司一百强，华为蝉联第一
　　一年一度的中国一百强软件公司排名又已经揭晓，其中我们不乏看到熟悉的身影。像传说中的互联网企业的三巨头，阿里巴巴、腾讯、百度，还有后起之秀京东，此次的第一依然是华为。前十名分别是华为、腾讯、中兴、阿里巴巴、航天信息（600271）、浪潮、中软、东软、京东。
　　由于篇幅所限，仅对部分重点企业详细介绍，结尾附完整榜单。
　　1华为技术有限公司
　　华为技术有限公司是一家生产销售通信设备的民营通信科技公司，于1987年正式注册成立，总部位于中国深圳市龙岗区坂田华为基地。华为是全球领先的信息与通信技术(ICT)解决方案供应商，专注于ICT领域，坚持稳健经营、持续创新、开放合作，在电信运营商、企业、终端和云计算等领域构筑了端到端的解决方案优势，为运营商客户、企业客户和消费者提供有竞争力的ICT解决方案、产品和服务，并致力于使能未来信息社会、构建更美好的全联接世界2013年，华为首超全球第一大电信设备商爱立信，排名《财富》世界500强第315位。截至2016年底，华为有17万多名员工，华为的产品和解决方案已经应用于全球170多个国家，服务全球运营商50强中的45家及全球1/3的人口。
　　2腾讯科技(深圳)有限公司
　　腾讯科技(深圳)有限公司成立于1998年11月，是目前中国最大的互联网综合服务提供商之一，也是中国服务用户最多的互联网企业之一。成立十年多以来，腾讯一直秉承一切以用户价值为依归的经营理念，始终处于稳健、高速发展的状态。2004年6月16日，腾讯公司在香港联交所主板公开上市。
　　3中兴通讯股份有限公司
　　中兴通讯（000063）是全球电信设备、网络和移动设备公司，与全球231个运营商有着紧密的合作，并与全球50家运营商建立了战略合作关系。1998年起从事手机产品的研发和生产，现已成为全球领先的手机厂商。
　　4阿里巴巴(中国)网络技术有限公司
　　阿里巴巴网络技术有限公司是以曾担任英语教师的马云为首的18人于1999年在杭州创立，他们相信互联网能够创造公平的竞争环境，让小企业通过创新与科技扩展业务，并在参与国内或全球市场竞争时处于更有利的位置。阿里巴巴集团经营多项业务，另外也从关联公司的业务和服务中取得经营商业生态系统上的支援。业务和关联公司的业务包括：淘宝网、天猫、聚划算、全球速卖通、阿里巴巴国际交易市场、1688、阿里妈妈、阿里云、蚂蚁金服、菜鸟网络等。2014年9月19日，阿里巴巴集团在纽约证券交易所正式挂牌上市，股票代码“BABA”，创始人和董事局主席为马云。2015年全年，阿里巴巴总营收943.84亿元人民币，净利润688.44亿元人民币。
　　5航天信息股份有限公司
　　航天信息股份有限公司是集技、工、贸于一体的具有现代化企业管理机制的高新技术企业由中国航天科工集团公司等十二家中国航天领域的知名企业和科研院所在原航天金穗高技术有限公司、原北京航天金卡电子工程公司和北京航天斯大电子有限公司的基础上于2000年11月1日共同发起成立。
　　6浪潮集团有限公司
　　浪潮集团是中国本土综合实力强大的大型IT企业之一，国内领先的云计算领导厂商，先进的信息科技产品与解决方案服务商。浪潮集团旗下拥有浪潮信息（000977）、浪潮软件（600756）、浪潮国际、华光光电四家上市公司，业务涵盖系统与技术、软件与服务、半导体三大产业群组，为全球八十多个国家和地区提供IT产品和服务。浪潮集团居2008年度中国大企业集团竞争力500强第3位。
　　7百度在线网络技术(北京)有限公司
　　百度，全球最大的中文搜索引擎、最大的中文网站。1999年底,身在美国硅谷的李彦宏看到了中国互联网及中文搜索引擎服务的巨大发展潜力，抱着技术改变世界的梦想，他毅然辞掉硅谷的高薪工作，携搜索引擎专利技术，于 2000年1月1日在中关村（000931）创建了百度公司。“百度”二字,来自于八百年前南宋词人辛弃疾的一句词：众里寻他千百度。这句话描述了词人对理想的执着追求。百度拥有数万名研发工程师，这是中国乃至全球最为优秀的技术团队。这支队伍掌握着世界上最为先进的搜索引擎技术，使百度成为中国掌握世界尖端科学核心技术的中国高科（600730）技企业，也使中国成为美国、俄罗斯、和韩国之外，全球仅有的4个拥有搜索引擎核心技术的国家之一。
　　8中软国际有限公司
　　中软国际有限公司是国内大型综合性软件与信息服务企业，具有极高的市场感召力和客户忠诚度，以领先的技术、丰富的经验、精湛的服务在中国 IT 行业享有极高的声誉。自成立以来，中软国际取得了业界瞩目的成就，并作为国内第一家专注于电子政务领域的 IT 服务商，于 2003 年 6 月在香港联交所创业板成功上市。于 2005 年收购了专业从事外包业务的北京中软资源信息科技服务有限公司(中软资源)。在未来的发展中，将软件外包作为重点的业务发展方向。公司在全球拥有三十余家分、子公司。公司于2008年12月由港交所创业板转入主板上市。
　　10京东集团
　　京东(股票代码：JD)，中国自营式电商企业，创始人刘强东担任京东集团CEO。旗下设有京东商城、京东金融、拍拍网、京东智能、O2O及海外事业部等。2013年正式获得虚拟运营商牌照。2014年5月在美国纳斯达克证券交易所正式挂牌上市。 2016年6月与沃尔玛达成深度战略合作，1号店并入京东。2017年1月4日，中国银联宣布京东金融旗下支付公司正式成为银联收单成员机构。2017年4月25日，京东集团宣布正式组建京东物流子集团。
　　12网易(杭州)网络有限公司
　　网易公司(NASDAQ: NTES)是中国的互联网公司，利用互联网技术，加强人与人之间信息的交流和共享，实现“网聚人的力量”。创始人兼CEO是丁磊。
　　在开发互联网应用、服务及其它技术方面，网易在推出了包括中文全文检索、全中文大容量免费邮件系统、无限容量免费网络相册、免费电子贺卡站、网上虚拟社区、网上拍卖平台、24小时客户服务中心在内的业内领先产品或服务，还通过自主研发推出了国产网络游戏。
　　14杭州海康威视数字技术股份有限公司
　　海康威视（002415）是中国领先的监控产品供应商，致力于不断提升视频处理技术和视频分析技术，面向全球提供领先的监控产品、技术解决方案与专业优质服务，为客户持续创造最大价值。 海康威视的营销及服务网络覆盖全球，目前在中国大陆34个城市已设立分公司，在香港、美国洛杉矶和印度也已设立了全资和合资子公司，并正在全球筹建更多的分支机构，为客户提供快捷、优质的服务。
　　16海尔集团公司
　　海尔集团创业于1984年，是全球大型家电第一品牌，目前已从传统制造家电产品的企业转型为面向全社会孵化创客的平台。在互联网时代，海尔致力于成为互联网企业，颠覆传统企业自成体系的封闭系统，变成网络互联中的节点，互联互通各种资源，打造共创共赢新平台，实现有关各方的共赢增值。2016年8月，青岛海尔（600690）股份有限公司在""2016中国企业500强""中排名第84位。
　　17海信集团有限公司
　　海信集团是国内唯一持有海信(Hisense)、科龙和容声三个中国著名商标的企业集团,海信电视历时3年研发的ULED技术将LED电视画质提升到全新的高度。海信拥有海信电器（600060）和海信科龙（000921）两家分别在沪、深、港三地上市的公司，持有海信、科龙和容声三个中国著名商标。海信目前已经在海外建有16个分公司实施本土化经营，建有5个生产基地实施区域化生产，在欧美建有7个研发中心，面向全球引进高端人才，促进国内的设计、研发人员“走出去”。海外分支机构覆盖美洲、欧洲、非洲、中东、澳洲及东南亚等全球市场，产品远销130多个国家和地区。2015年7月31日，海信宣布将斥资2370万美元收购夏普美国。此交易将让海信接管夏普在北美和南美的电视机业务。
　　70北大方正集团有限公司
　　方正集团由北京大学于1986年投资创办。王选院士为方正集团技术决策者、奠基人，其发明的汉字激光照排技术奠定了方正集团起家之业。方正集团拥有并创造了对中国IT，医疗医药产业发展至关重要的核心技术，吸引多家国际资本注入，目前已成为中国信息产业前三强的大型控股集团，业务领域涵盖IT、医疗医药、房地产、金融、大宗商品贸易等产业。
　　84北京四维图新科技股份有限公司
　　北京四维图新（002405）科技股份有限公司是中国领先的数字地图内容、车联网及动态交通信息服务、地理位置相关的商业智能解决方案提供商，始终致力于为全球客户提供专业化、高品质的地理信息产品和服务。经过十年多的发展，四维图新已经成为拥有八家全资、八家控股、六家参股公司的大型集团化股份制企业。作为全球第四大、中国最大的数字地图提供商，公司产品和服务充分满足了汽车导航、消费电子导航、互联网和移动互联网、政府及企业应用等各行所需。在全球市场中，四维图新品牌的数字地图、动态交通信息和车联网服务已经获得众多客户的广泛认可和行业的高度肯定。
　　附榜单：
<IMAGE SRC=""http://e.thsi.cn/img/2dfb4bacbe466572"" >",媒体新闻,3066869743535779475_0_39535,中国软件公司一百强榜单公布 华为蝉联第一 TAB占据二、四、七（附榜单）,中国软件,1
　　中国软件国际（00354-HK）公布，订购协议（已经由补充协议加以补充）的所有条件已经达成，而认购事项亦已经于2017年7月3日完成。根据认购协议及补充协议的条款及条件，公司已经向最终认购方（DanCApital ManaGEment Ltd）发行本金总额为9亿港元的可换股票据。根据每股兑换股份的初步换股价为5.00港元为基剩在可换股票据所附的换股权被悉数行使的情况下，就此将会配发及发行的最高股份数目为1.8亿股。,媒体新闻,2760420874149236604_0_55427,中国软件国际(00354-HK)完成发行9亿港元可换股票据,中国软件,1
"　　互联网时代，软件产业对于未来社会的发展，推进我国经济发展起到重要的作用。昨日下午，2017软博会第二场峰会“2017中国软件(行情600536,诊股)和信息技术服务综合竞争力百强企业发布”召开，在会上正式公布了2017年中国软件企业百强榜单。
　　根据榜单显示，华为高居第一，前十依次是腾讯、中兴、阿里、航天、浪潮、百度、中软、东软、京东。可以看到互联网三巨头BAT都名列前茅，不过排在第一的是在软件信息领域最具备专利及技术的华为。
　　在论坛上，工信部总工程师张峰出席并且发表了演讲，张峰表示，经过多年的发展，我给软件产业规模快速增长，创新能力大幅提升，企业实力显著增强。
　　尤其是在“十三五”时期，工信部将以推进供给侧结构性改革为主线，以突破核心技术和构建具有国际竞争优势的产业生态体系为着力点，围绕着力突破核心技术，积极培育新兴业态，持续深化融合应用，大力拓展国际市场。
　　而这其中，软件是引领科技创新的核心力量，建设强大的软件产业，是我国构建全球竞争新优势、抢占新工业革命制高点的必然选择。
　　具体名单如下：
　　本文来源前瞻网，转载请注明来源！（图片来源互联网，版权归原作者所有）                                                                                p25q0
　　U                          V                          c                                                                    分享：                                                                                                 标签：                                中国软件                                百强企业榜                                华为                                                        广告、内容合作请点这里：寻求合作 
　　可行性研究
　　商业计划书
　　产业规划
　　园区规划
　　特色小镇
　　互联网+咨询
　　专项调研",媒体新闻,18328499895306881806_0_54757,2017年中国软件百强企业榜单发布：华为名列第一,中国软件,1
"6月29日，2017中国软件和信息技术服务综合竞争力百强企业发布会在京召开。华为、腾讯、中兴通讯、阿里巴巴、航天信息、浪潮、百度、中软国际、东软、京东名列2017年软件百强前10名。
　　中国证券网讯（记者 李小兵）6月29日，2017中国软件和信息技术服务综合竞争力百强企业发布会在京召开。华为、腾讯、中兴通讯、阿里巴巴、航天信息、浪潮、百度、中软国际、东软、京东名列2017年软件百强前10名。
商务合作|网站简介|网站地图|会员注册|诚聘英才|隐私保护|版权声明|上海证券报刊例
上海证券信息有限公司版权所有。本网站提供之资料或信息，仅供投资者参考，不构成投资建议。
Copyright 2014 Shanghai Stock Information Service Corp. All rights reserved.
联系电话：400-820-0277 地址：中国上海 浦东杨高南路1100号 E-MAIL:webmaster@cnstock.com
沪B2-20060328
<IMAGE SRC=""http://static.cnstock.com/article_2014/images/gs.gif"" >",媒体新闻,11228190739281501794_0_79300,2017年中国软件百强名单发布,中国软件,1
"　　中国证券网讯（记者 李小兵）6月29日，2017中国软件(行情600536,诊股)和信息技术服务综合竞争力百强企业发布会在京召开。华为、腾讯、中兴通讯(行情000063,诊股)、阿里巴巴、航天信息(行情600271,诊股)、浪潮、百度、中软国际、东软、京东名列2017年软件百强前10名。",媒体新闻,1535354978640870359_0_491374,2017年中国软件百强名单发布,中国软件,1
"　　2017年6月29日下午，第二十一届中国国际软件博览会（以下简称2017软博会）第二场全球软件产业发展高峰论坛暨“2017中国软件(行情600536,诊股)和信息技术服务综合竞争力百强企业发布”在北京展览馆举行。
　　工业和信息化部党组成员、总工程师张峰及中国电子信息行业联合会会长王旭东分别致辞。北京市经济和信息化委员会主任张伯旭发表演讲。中国电子信息行业联合会副会长兼秘书长周子学对百强企业发展情况作了数据分析。中国信息通信研究院政策所所长鲁春丛、北京华宇软件(行情300271,诊股)股份有限公司总经理吕宾、华为技术有限公司中国区总工程师胡善勇等企业代表发表了演讲。云南省保山市工信委副主任、大数据管理局局长王明超做了政策推介。
　　张峰表示，经过多年的发展，我国软件产业规模快速增长，创新能力大幅提升，企业实力显著增强，在“十三五”时期这个我国全面建成小康社会的决胜阶段，工业和信息化部作为行业主管部门，将牢固树立和贯彻落实新发展理念，以推进供给侧结构性改革为主线，以突破核心技术和构建具有国际竞争优势的产业生态体系为着力点，围绕着力突破核心技术，积极培育新兴业态，持续深化融合应用，大力拓展国际市场。
　　周子学对百强企业发展情况作了数据分析。他表示，2016年，我国软件和信息技术服务综合竞争力百强企业深入落实创新、协调、绿色、开放和共享的发展理念，在规模效益、研发创新、融合引领和国际经营等方面取得新的成就和突破：2016年百强企业软件业务收入合计10271亿元，比上届增长18.6%；实现利润总额2765亿元，比上届增长19.8%。说明自主创新成效显著，百强企业高度重视知识产权积累。
　　张伯旭就“赋值、赋能、赋智”三个软件功能的演进分析了城市软件应用的框架思路。他认为在“软件定义”的时代下，需要改变对基础设施建设和发展的传统认知，把城市软件主体作为未来规划建设的战略重点。让城市软件功能适应软件集成的要求，把软件作为城市发展的新要素，这样就可以让软件覆盖各领域、贯彻各环节、链接各主体、赋予城市智慧，把城市打造成一座能够有序运行、自我调整、良性互动的生命体。
　　鲁春丛作了题为“扩大信息消费，增强内生发展动力”的主题演讲，指出在信息消费2.0时代，为扩大升级信息消费，释放内需潜力，这就要求支持企业研发、大力发展智能可穿戴、虚拟现实等高端智能装备，壮大在线教育医疗和数字影音等新业态，加快信息终端的集合，扩大信息消费的覆盖，特别是移动和物流。
　　中国电子信息行业联合会执行秘书长高素梅主持该场高峰论坛，并公布2017中国软件和信息技术服务综合竞争力百强企业名单。20家企业代表授牌。
　　（20家企业代表授牌）
　　百强企业名单：
　　序号 企业名称
　　1 华为技术有限公司
　　2 腾讯科技（深圳）有限公司
　　3中兴通讯(行情000063,诊股)股份有限公司
　　4阿里巴巴（中国）网络技术有限公司
　　5航天信息(行情600271,诊股)股份有限公司
　　6 浪潮集团有限公司
　　7 百度在线网络技术（北京）有限公司
　　8 中软国际有限公司
　　9东软集团(行情600718,诊股)股份有限公司
　　10 京东集团
　　11 中国软件与技术服务股份有限公司
　　12 网易（杭州）网络有限公司
　　13 南京南瑞集团公司
　　14 杭州海康威视(行情002415,诊股)数字技术股份有限公司
　　15 浙江大华技术股份有限公司
　　16 海尔集团公司
　　17 海信集团有限公司
　　18 国网信息通信产业集团有限公司
　　19 文思海辉技术有限公司
　　20 上海宝信软件(行情600845,诊股)股份有限公司
　　21东华软件(行情002065,诊股)股份公司
　　22神州数码(行情000034,诊股)系统集成服务有限公司
　　23 中国银联股份有限公司
　　24 中国民航信息网络股份有限公司
　　25 上海华东电脑(行情600850,诊股)股份有限公司
　　26 太极计算机股份有限公司
　　27浙大网新(行情600797,诊股)科技股份有限公司
　　28同方股份(行情600100,诊股)有限公司
　　29 亚信科技（中国）有限公司
　　30 株洲南车时代电气股份有限公司
　　31 中科软科技股份有限公司
　　32 软通动力信息技术（集团）有限公司
　　33 金山软件有限公司
　　34 福州福大自动化科技有限公司
　　35 广州广电运通(行情002152,诊股)金融电子股份有限公司
　　36 广州佳都集团有限公司
　　37 武汉邮电科学研究院
　　38 北京华胜天成(行情600410,诊股)科技股份有限公司
　　39 北京小米移动软件有限公司
　　40 中国电子科技网络信息安全有限公司
　　41用友网络(行情600588,诊股)科技股份有限公司
　　42 国电南京自动化股份有限公司
　　43 深圳市华讯方舟(行情000687,诊股)科技有限公司
　　44 北京全路通信信号研究设计院集团有限公司
　　45大族激光(行情002008,诊股)科技产业集团股份有限公司
　　46 深圳市金证科技股份有限公司
　　47 中控科技集团有限公司
　　48 北京神州泰岳(行情300002,诊股)软件股份有限公司
　　49启明信息(行情002232,诊股)技术股份有限公司
　　50 石化盈科信息技术有限责任公司
　　51 上海贝尔软件有限公司
　　52 平安科技（深圳）有限公司
　　53 南京联创科技集团股份有限公司
　　54 北京华宇软件股份有限公司
　　55四川九洲(行情000801,诊股)电器集团有限责任公司
　　56 山东中创软件工程股份有限公司
　　57 中冶赛迪集团有限公司
　　58 深圳怡化电脑股份有限公司
　　59 江苏省通信服务有限公司
　　60 福建星网锐捷(行情002396,诊股)通讯股份有限公司
　　61万达信息(行情300168,诊股)股份有限公司
　　62 四川省通信产业服务有限公司
　　63 上海华讯网络系统有限公司
　　64 广州海格通信(行情002465,诊股)集团股份有限公司
　　65 云南南天电子信息产业股份有限公司
　　66恒生电子(行情600570,诊股)股份有限公司
　　67博彦科技(行情002649,诊股)股份有限公司
　　68启明星辰(行情002439,诊股)信息技术集团股份有限公司
　　69银江股份(行情300020,诊股)有限公司
　　70 北大方正集团有限公司
　　71信雅达(行情600571,诊股)系统工程股份有限公司
　　72 北明软件有限公司
　　73 博雅软件股份有限公司
　　74 先锋软件股份有限公司
　　75 北京中油瑞飞信息技术有限责任公司
　　76 金蝶软件（中国）有限公司
　　77 北京易华录(行情300212,诊股)信息技术股份有限公司
　　78 和利时科技集团有限公司
　　79广联达(行情002410,诊股)科技股份有限公司
　　80 深圳天源迪科(行情300047,诊股)信息技术股份有限公司
　　81 高德信息技术有限公司
　　82 北京四方继保自动化股份有限公司
　　83 联动优势科技有限公司
　　84 北京四维图新(行情002405,诊股)科技股份有限公司
　　85大唐电信(行情600198,诊股)科技股份有限公司
　　86 卡斯柯信号有限公司
　　87东方电子(行情000682,诊股)集团有限公司
　　88 福建网龙计算机网络信息技术有限公司
　　89 讯飞智元信息科技有限公司
　　90 北京神舟航天软件技术有限公司
　　91 深圳市紫金支点技术股份有限公司
　　92 苍穹数码技术股份有限公司
　　93 大连华信计算机技术股份有限公司
　　94 深信服科技股份有限公司
　　95 北京先进数通(行情300541,诊股)信息技术股份公司
　　96 长城计算机软件与系统有限公司
　　97亿阳信通(行情600289,诊股)股份有限公司
　　98 深圳市长亮科技(行情300348,诊股)股份有限公司
　　99恒宝股份(行情002104,诊股)有限公司
　　100 厦门市美亚柏科(行情300188,诊股)信息股份有限公司",媒体新闻,13259614474635767529_0_54757,2017中国软件和信息技术服务综合竞争力百强企业发布,中国软件,1
"<IMAGE SRC=""http://i9.hexun.com/2017-06-23/189763651.png"" >
中国软件高管列表
　　和讯股票（微信号：istocknews）消息 中国软件6月23日晚间发布澄清公告，公司总经理周进军先生、高级副总经理徐洁女士、高级副总经理韩乃平先生、高级副总经理王定健先生于2017年6月23日分别向公司董事会提交辞职报告，因工作原因，分别请求辞去总经理、高级副总经理职务。
　　根据董事长提名，聘任谌志华先生为公司总经理，聘任陈复兴先生、杜潜先生、徐建堂先生为公司高级副总经理。
　　公告显示，谌志华，男，中国国籍，1971年3月出生，硕士研究生，毕业于清华大学经济管理学院EMBA，高级工程师。曾在交通银行海南分行电脑处、中软总公司金融部、中软融鑫工作，1996年11月起历任广州中软部门经理、副总经理、常务副总经理，2003年4月任广州中软总经理，2010年4月任本公司副总经理兼广州中软总经理，2012年7月至今任本公司高级副总经理。
　　陈复兴，男，中国国籍，1964年9月出生，大学本科，毕业于天津大学高分子化工专业，工程师。曾在电子部第12研究所、中国电子、中软总公司工作，2004年1月任本公司董事会办公室主任，2004年3月至今任本公司董事会秘书，2011年7月起兼任本公司总法律顾问。
　　杜潜，男，中国国籍， 1969 年 3 月出生，硕士研究生，毕业于北京邮电大学软件工程专业，工程师。曾在中软总公司、中软同信工作， 1999 年 6 月任北京中软万维网络技术有限公司总经理， 2015 年 1 月至今任北京中软万维网络技术有限公司执行董事， 201 0 年 4 月至今还担任本公司副总经理。
　　徐建堂，男，中国国籍， 1966 年 1 月出生，硕士研究生，毕业于浙江大学机械制造专业，高级工程师。曾在北方 CAD 公司工作， 1995 年进入长城计算机软件与系统有限公司工作，历任系统集成部经理、政府事业部总经理、外地子公司筹建负责人、公司市场销售总监、副总经理、常务副总经理， 2012 年 9 月至今任长城计算机软件与系统有限公司总经理， 2015 年 6 月至今还担任本公司副总经理。
　　和讯股票(微信号：istocknews)上市公司数据库显示，周进军,男,中国国籍,1972年3月出生,大学本科,毕业于中国人民大学经济应用数学专业,教授级高级工程师。曾任中国软件与技术服务股份有限公司系统集成总部技术总监,2004年1月任中国软件与技术服务股份有限公司副总经理,2010年1月任中国软件与技术服务股份有限公司高级副总经理,2012年7月至今任中国软件与技术服务股份有限公司董事、总经理。于上市公司领取薪酬84万元。持有公司股票数72.63万股。
　　徐洁,女,中国国籍,1966 年5 月出生,硕士研究生,毕业于美国福特汉姆大学工商管理专业,高级工程师.曾任中软总公司软件连锁店总部副总经理、中软同和公司副总经理,本公司副总经理、高级副总经理、海外销售总监,长城软件总经理,2010年4月至今任本公司高级副总经理.于上市公司领取薪酬69.79万元。
　　韩乃平,男,中国国籍,1969年2月出生,硕士研究生,毕业于电子科技大学计算机软件专业,研究员级高级工程师.曾任中软总公司基础软件事业部室主任、总经理,本公司研发总部总经理、公司副总经理、副总工程师,2003年10月至今任中标软件有限公司总经理.于上市公司领取薪酬62.55万元。
　　王定健,男,中国国籍,1958年3月出生,硕士研究生,毕业于华中科技大学电子与信息工程专业,教授级高级工程师。1976年12月参加工作,曾在中国人民解放军某部、北京华网公司工作,2003年1月任中国软件与技术服务股份有限公司安全行业部总经理,2008年8月任中国软件与技术服务股份有限公司子公司北京中软信息系统工程有限公司(后更名为中软信息系统工程有限公司、简称“中软系统工程”)总经理,2009年1月任中国软件与技术服务股份有限公司副总经理兼中软系统工程总经理,2012年2月至今任中国软件与技术服务股份有限公司副总经理兼中软系统工程执行董事。于上市公司领取薪酬70.03万元。
（责任编辑：陈晓伟 HF093）",媒体新闻,1205631526833679623_0_588860,中国软件多为高管辞职 周进军辞去总经理职务谌志华接任,中国软件,1
"<IMAGE SRC=""http://i5.hexun.com/2017-06-05/189492907.png"" >
中国软件 杨军
　　和讯股票（微信号：istocknews）消息 中国软件6月5日晚间公告，公司董事会收到董事长杨军先生的辞职报告，因工作原因，请求辞去公司董事、董事长、董事会战略委员会主任委员职务。
　　和讯股票(微信号：istocknews)上市公司数据库显示，杨军先生,中国长城计算机深圳股份有限公司董事长,中国国籍,硕士研究生,毕业于西北电讯工程学院研究生院计算机系统结构专业,教授级高级工程师。现任中国电子信息产业集团有限公司党组成员、副总经理,兼任中国软件与技术服务股份有限公司董事长。历任中国计算机软件与技术服务总公司副总经理,中国民航计算机信息中心总经理、党委副书记,中国民航信息网络股份有限公司董事长、总经理,中国民航计算机信息中心总裁、党委书记,中国民航信息集团公司副总经理,中国长城计算机集团公司董事、副总经理。2012年9月首次担任中国长城计算机深圳股份有限公司董事及董事长,2014年12月换届选举时再次连任中国长城计算机深圳股份有限公司第六届董事会董事及董事长。
　　
（责任编辑：陈晓伟 HF093）",媒体新闻,890795847146475075_0_588860,中国软件董事长杨军辞职 现任中国电子副总,中国软件,1
"　　证券代码：600325 证券简称：华发股份 公告编号：2017-076
　　珠海华发实业股份有限公司
　　关于召开2017年第三次临时股东大会的通知
　　本公司董事局及全体董事保证本公告内容不存在任何虚假记载、误导性陈述或者重大遗漏，并对其内容的真实性、准确性和完整性承担个别及连带责任。
　　重要内容提示：
　　股东大会召开日期：2017年6月19日
　　本次股东大会采用的网络投票系统：上海证券交易所股东大会网络投票
　　系统
　　一、 召开会议的基本情况
　　(一) 股东大会类型和届次
　　2017年第三次临时股东大会
　　(二) 股东大会召集人：董事局
　　(三) 投票方式：本次股东大会所采用的表决方式是现场投票和网络投票相结
　　合的方式
　　(四) 现场会议召开的日期、时间和地点
　　召开的日期时间：2017年6月19日 10点00分
　　召开地点：广东省珠海市昌盛路155号公司9楼会议室
　　(五) 网络投票的系统、起止日期和投票时间。
　　网络投票系统：上海证券交易所股东大会网络投票系统
　　网络投票起止时间：自2017年6月19日
　　至2017年6月19日
　　采用上海证券交易所网络投票系统，通过交易系统投票平台的投票时间为股东大会召开当日的交易时间段，即9:15-9:25,9:30-11:30，13:00-15:00；通过互联网投票平台的投票时间为股东大会召开当日的9:15-15:00。
　　(六) 融资融券、转融通、约定购回业务账户和沪股通投资者的投票程序
　　涉及融资融券、转融通业务、约定购回业务相关账户以及沪股通投资者的投票，应按照《上海证券交易所上市公司股东大会网络投票实施细则》等有关规定执行。
　　(七) 涉及公开征集股东投票权
　　否
　　二、 会议审议事项
　　本次股东大会审议议案及投票股东类型
　　投票股东类型
　　序号 议案名称
　　A股股东
　　非累积投票议案
　　1 关于公司符合非公开发行公司债券条件的议案 √
　　2.00 关于公司非公开发行公司债券方案的议案 √
　　2.01 发行规模 √
　　2.02 债券期限 √
　　2.03 债券利率和确定方式 √
　　2.04 发行方式 √
　　2.05 发行对象 √
　　2.06 募集资金用途 √
　　2.07 偿债保障措施 √
　　2.08 决议的有效期 √
　　3 关于提请股东大会授权董事局全权办理本次非公 √
　　开发行公司债券具体事宜的议案
　　4 关于增加公司在珠海华发集团财务有限公司贷款 √
　　额度暨关联交易的议案
　　5 关于为公司董事、监事及高级管理人员投保责任 √
　　险的议案
　　6 关于选举公司监事的议案 √
　　1、各议案已披露的时间和披露媒体
　　上述议案已经公司第九届董事局第十四次会议及第九届监事会第十次会 议审议通过，具体内容详见公司于2017年6月3日在上海证券交易所网站及《中国证券报》、《上海证券报》、《证券日报》、《证券时报》披露的公告。
　　2、特别决议议案：无
　　3、对中小投资者单独计票的议案：全部议案
　　4、涉及关联股东回避表决的议案：4
　　应回避表决的关联股东名称：珠海华发集团有限公司及其一致行动人
　　5、涉及优先股股东参与表决的议案：无
　　三、 股东大会投票注意事项
　　(一) 本公司股东通过上海证券交易所股东大会网络投票系统行使表决权
　　的，既可以登陆交易系统投票平台（通过指定交易的证券公司交易终端）进行投票，也可以登陆互联网投票平台（网址：vote.sseinfo.com）进行投票。首次登陆互联网投票平台进行投票的，投资者需要完成股东身 份认证。具体操作请见互联网投票平台网站说明。
　　(二) 股东通过上海证券交易所股东大会网络投票系统行使表决权，如果
　　其拥有多个股东账户，可以使用持有公司股票的任一股东账户参加网络投票。投票后，视为其全部股东账户下的相同类别普通股或相同品种优先股均已分别投出同一意见的表决票。
　　(三) 股东所投选举票数超过其拥有的选举票数的，或者在差额选举中投
　　票超过应选人数的，其对该项议案所投的选举票视为无效投票。
　　(四) 同一表决权通过现场、本所网络投票平台或其他方式重复进行表决
　　的，以第一次投票结果为准。
　　(五) 股东对所有议案均表决完毕才能提交。
　　四、 会议出席对象
　　(一) 股权登记日收市后在中国登记结算有限责任公司上海分公司登记在册的
　　公司股东有权出席股东大会（具体情况详见下表），并可以以书面形式委托代理人出席会议和参加表决。该代理人不必是公司股东。
　　股份类别 股票代码 股票简称 股权登记日
　　Ａ股 600325 华发股份 2017/6/13
　　(二) 公司董事、监事和高级管理人员。
　　(三) 公司聘请的律师。
　　(四) 其他人员
　　五、 会议登记方法
　　（一）登记手续（授权委托书详见附件 1）
　　1、法人股东需持股票账户卡、持股凭证、加盖公司公章的营业执照复印件、授权委托书和出席人身份证办理登记手续。
　　2、个人股东需持本人身份证、股票账户卡和持股凭证办理登记；个人股东的授权代理人需持代理人身份证、委托人身份证复印件，委托人持股凭证、授权委托书、委托人股票账户卡办理登记手续，异地股东可采用信函或传真方式登记。
　　（二）登记时间：2017年6月14日上午9：00-11：30、下午2：30-5：00
　　（三）登记地点：广东省珠海市昌盛路155号华发股份董事局秘书处
　　（四）联系方式
　　联系地址：广东省珠海市昌盛路155号华发股份董事局秘书处
　　联系电话：0756-8282111
　　传真：0756-8281000
　　邮编：519030
　　联系人：阮宏洲、仝鑫鑫
　　六、 其他事项
　　请出席会议的股东及股东代理人携带相关证件原件到会议现场。出席本次股东大会现场会议的所有股东及股东代理人的费用自理。
　　特此公告。
　　珠海华发实业股份有限公司董事局
　　2017年6月3日
　　附件1：授权委托书
　　报备文件
　　提议召开本次股东大会的董事会决议
　　附件1：授权委托书
　　授权委托书
　　珠海华发实业股份有限公司：
　　兹委托 先生（女士）代表本单位（或本人）出席2017年6月19日
　　召开的贵公司2017年第三次临时股东大会，并代为行使表决权。
　　委托人持普通股数：
　　委托人持优先股数：
　　委托人股东帐户号：
　　序号 非累积投票议案名称 同意 反对 弃权
　　1 关于公司符合非公开发行公司债券条
　　件的议案
　　2.00 关于公司非公开发行公司债券方案的
　　议案
　　2.01 发行规模
　　2.02 债券期限
　　2.03 债券利率和确定方式
　　2.04 发行方式
　　2.05 发行对象
　　2.06 募集资金用途
　　2.07 偿债保障措施
　　2.08 决议的有效期
　　3 关于提请股东大会授权董事局全权办
　　理本次非公开发行公司债券具体事宜
　　的议案
　　4 关于增加公司在珠海华发集团财务有
　　限公司贷款额度暨关联交易的议案
　　5 关于为公司董事、监事及高级管理人员
　　投保责任险的议案
　　6 关于选举公司监事的议案
　　委托人签名（盖章）： 受托人签名：
　　委托人身份证号： 受托人身份证号：
　　委托日期： 年月日
　　备注：
　　委托人应在委托书中“同意”、“反对”或“弃权”意向中选择一个并打“√”，对于委托人在本授权委托书中未作具体指示的，受托人有权按自己的意愿进行表决。",媒体新闻,10923297102862107797_0_589563,600325:华发股份关于召开2017年第三次临时股东大会的通知,中国软件,1
"一年一度的中国国际软件博览会于6月29日至7月1日召开。
    今年是第21届，主题是“软件定义世界，智能引领未来”。
    21年了!业界多少事，还在继续中。
    看到软博会，看到中国软件行业协会，看到我们中国软件网自己主办的中国软件生态大会，我都会忍不住思考一个问题：在互联网、云计算、物联网、移动互联网等新技术新模式的推动下，中国的软件产业会走向何方?独立的软件产业还会存在吗?
    1
    21年以前，中国的软件产业是什么样呢?
    我在网上查到一个统计数据。1994年我国软件行业总销售收入为49亿元，1995年为68亿元，1996年为92亿元。
    当时国内从事软件开发的企业估计为数千家。在大多数企业中，软件人员一般在50人左右，只有少数达到近200人。国内软件从业人员只有十几万人。
    根据工信部的统计数据：2016年，中国软件产业总收入达到4.85万亿元，通过双软认定的软件企业达到4.27万家，全国软件从业人员达到570多万人，超过万人的软件企业已有数十家。
    这是一个超高速发展的21年，每年的增速都基本上是全国GDP增速的2~3倍!
    21年前，国内的软件产业中有两个亮点，一个是杀毒软件，一个财务软件。这两个细分软件行业产品化程度高、市场化程度高，竞争激烈，但活力十足!
    那时，用友成立了8年，销售收入为五六千万元。也正是在那个时候，以用友为代表的财务软件开启了一次诞生以来的最大规模转型，即从财务软件全面向ERP、向管理软件转型升级。
    在那一次转型战役中,用友凭借其ERP的普及运动、凭借ERP123的创新方案,最终夺取了中国市场乃至亚太市场的冠军宝座,引领并成功实现了财务软件向管理软件的转型。
    二十一年过去,中国的软件行业又来到了一个新的历史性关口：全体向云计算转型。在这次转型中，用友云在今年4月19日隆重发布。它是否能再续上次转型的辉煌，引领并带动中国软件产业的再一次升级?
    2
    从财务软件向ERP、向管理软件转型，其背后的根本原因是用户的需求推动。用户不仅仅需要一个财务软件，还需要实现财务业务一体化的管理，还需要实现生产制造、供应链的管理，它需要的是覆盖企业经营管理各个环节、实现业务闭环的一整套的企业管理软件。如果财务软件提供商不向管理软件转型，她就无法满足用户的深度需求，她就会被市场淘汰。
    这次从ERP、管理软件向云计算转型，其背后的根本推动力是什么?
    看过也听过很多人对此的分析，我认为分析得最为透彻的还是用友董事长兼CEO王文京的分析。在他看来，当前我们的时代已步入互联网、移动互联网时代。这个时代的基础技术、商业场景决定了企业的信息化要从ERP、管理软件向云计算转型。
    王文京认为，现在的结论已非常清楚，移动互联网、云计算、大数据、互联网、人工智能、区块链等六大技术(当然VR和AR也包括在其中)构成了我们所处的这个时代商业的基础技术。
    同时，王文京认为，互联网时代的商业可称为社会化商业。这个时代的商业场景有三个最重要的特征，即互联网技术带给商业的连接、协同、共享。交易平台化、票据合约电子化、流程自动化、数据资产化、知识工作自动化，组织灵动化、管理智能化，数据驱动、实时企业和全球资源，数字企业、平台型企业、共享经济……这些构成了互联网时代的新的商业场景。
    新的基础技术必然会导致IT系统架构的升级换代，新的商业场景也必然会对IT系统提出全新的需求。因此，王文京认为，在这两个背景的驱使下，从ERP、管理软件向云计算转型，是一个必然的趋势。
    3
    在我看来，和财务软件向ERP、管理软件转型相比，ERP、管理软件厂商们此次向云计算转型难度更大。
    从财务软件向ERP转型，其转型难度主要体现在产品功能的拓展、销售方式和实施方式的变化上。对厂商的挑战在于能否找到优秀的ERP产品经理，以及优秀的售前顾问、优秀的项目经理。
    从ERP、管理软件向云计算转型，会涉及四个方面的转型：
    技术架构要转，产品功能得变，产品要重新设计;
    部署模式、应用模式得变，原先本地部署、客户端应用，现在要变成云端部署、浏览器与移动端应用;
    销售模式、赢利模式要变，顾问式销售要向互联网销售转变，许可证模式要向订阅模式、租赁模式转变;
    实施模式要变，原先的驻场式、项目式实施要向远程化、自助式的实施模式转变。
    这四种转型，都不是改良式的转变，而是一种革命性的转变。它甚至要求公司的整个运营管理机制、组织架构、企业文化都要彻底转变。
    这对转型的公司而言，难度是巨大的。在ERP、管理软件转型中取得成功，并不代表在此次云计算转型中能获得成功。
    4
    要想向云计算转型成功，我认为至少需要具有三大基本条件：
    要有足够雄厚的资金。向云转型涉及到商业模式和赢利模式的转变，其年收入和许可证模式相比会有较大幅度的减少。如果没有足够的资金支持，企业的转型很难持续。
    要有高精尖的人才队伍。向云转型是一个全新的运营模式，需要大量优秀的产品经理、技术研发人才与互联网运营人才。而当前优秀人才缺乏，且很多都被BAT等互联网巨头所吸纳，如何找到转型所需要的人才是一大挑战。
    适应互联网时代的企业文化。传统的ERP、管理软件公司提倡的文化是稳重专业、踏实严谨，但云计算公司是一个变异的软件公司，其特质更像是一个互联网公司。在快鱼吃慢鱼的互联网时代，其企业文化与传统的ERP、管理软件公司必须大不一样。
    如果这三个条件都不具备，转型基本很难实现。
    5
    从这三个条件来看，王文京所带领的用友拥有可以实现向云计算转型的基础。
    从用友公司的财报可以看出，用友有足够的现金流和现金储备。一方面，用友每年主营业务产生的正向净现金流都能达到10亿元左右;另一方面，用友本身的融资渠道非常多元也非常通畅。雄厚的现金流能给用友云的转型以强大的支撑。
    用友的人才基本不用发愁，它拥有1万多名员工有足够多的熟悉企业服务的人才。更为重要的是，随着用友云的发布，用友开始出现了一个有意思的变化：从被BAT挖人到能吸引BAT优秀人才。用友吸引人才的激励政策也越来越有力度。例如，不久前，用友刚刚通过了《用友网络科技股份有限公司 2017 年股票期权与限制性股票激励计划(草案)》，宣布对最多1444 名员工实施激励计划，占公司 2016 年职工人数的 10.096%，激励计划拟授予股数不超过 1932.640 万股。
    王文京也在更多地启用年轻干部。随着陈强兵等一大批年轻高管上马，用友的企业文化在向激情、快速响应、极致、创新等互联网公司的文化氛围转变。同时，为重新激活用友的企业文化，王文京还对整个用友的组织架构进行了大规模的重组。
    6
    资金、人才、文化是用友云能否成功转型的基本关键点，但光凭这三点却不能断定用友云能在众多的竞争对手中脱颖而出，并且引领未来。
    面对不可知的云未来，用友云有什么独特竞争优势呢?
    从4月19日用友云的发布会来看，王文京对于用友云的未来战略已非常清晰：用友云的定位是社会化商业应用基础设施和企业服务产业共享平台。前一个强调了用友云作为PaaS平台在未来构建商业应用中的重要性。
    我其实更关注后一个表述。这反映了用友一个战略性的转变：即用友要从一个封闭的、只为自己业务服务的公司转向开放的、为产业赋能的平台公司。他要将自己的销售能力、服务能力、研发能力开放给所有有资质、有能力的优秀企业服务提供商，将自己的渠道资源、客户资源等核心资源共享给所有有资质、有能力的优秀企业服务提供商。用友云不仅要自己成长，它还要带动整个企业服务产业快速成长。
    我认为这是一个非常独特、非常大胆的战略定位。在未来以生态为核心要素的云计算竞争中，这是一个非常重要的优势。
    用友云的一站式企业服务布局也是其一大独特竞争优势，用王文京自己的话说就是“用友云，企业服务都在这”。据介绍，用友云包括云平台、领域云、行业云、小微企业云、企业金融云与云市场;领域云包括财务云、人力云、采购云、营销云、协同云、电子发票、云通信等;行业云包括建筑云、汽车云、金融云、能源云、政务云、餐饮云、医疗云等;企业金融云包括畅捷支付和供应链金融等;用友云市场则聚合大量由生态伙伴提供的面向细分行业、细分领域的云服务和各类专业的企业服务。
    和其他友商的云不同，用友云几乎包括企业经营管理的基本内容。尤其是囊括了各种企业服务的用友云市场的设计，是用友30年来的最大创新，也是其企业服务产业共享平台定位的核心落地，其目的就是让企业在用友能享受到他所需要的各种专业服务。在企业越来越需要整合服务的今天，用友云宽厚的业务布局有着非常大的竞争优势。一般的云服务提供商，无法向客户提供一站式的云服务。
    更重要的是，用友云的转型还有两大独特的核心优势。一个是品牌。用友在企业服务市场30年来的积累，已将自己变成这个领域的金字招牌。用友对企业客户而言，具有巨大的知名度，更具有非常好的信任度。
    另一个是销售与服务渠道。用友拥有覆盖全国的直销渠道和分销渠道。这对于云服务的销售具有极大的推动作用。这种快速抵达客户、满足线下交付的能力，对于用友云的落地会起到关键作用。甚至用友云会因此而远超那些起步早但却没有销售渠道的云服务商。
    拥有众多独特优势的用友云，其战略目标就是打造企业服务完整生态，引领企业服务朝云计算方向发展。它的引领作用，让众人可期。
    7
    再过20年，2037年，用友会变成什么样?
    或许到那个时候，用友已不再是一个软件公司，而是一个为客户提供一站式企业服务的平台公司。
    再过20年，2037年，中国软件产业会变成什么样?
    或许到那个时候，独立的软件产业只是很小的一部分，软件更多地变成了一个赋能工具，它嵌入到了社会生活、经济运行的方方面面，它更多地融合到了统一的企业服务之中。
    未来的20年，将是软件产业巨大变革、产业结构重新调整的20年，用友云的转型是这个时代变革的缩影。它的意义非凡。因为这不仅仅是某一个公司的战略转型，而是整个行业的探索，也是中国互联网+战略落地的重要载体。
    当前，中国的消费者互联网领域已基本由国内品牌取得主导地位。我相信，BAT格局将会在那时的中国企业软件与云计算产业上演，企业服务也必然会是本土品牌占据领先地位，并且可以引领全球企业服务创新，带动中国云计算服务商走向全球，成为全球的顶级玩家!
    （责任编辑：刘朋）
",媒体新闻,16370312635118125631_0_326481,用友云能否引领中国软件行业转型升级？,中国软件,0
" 2017第二十一届中国国际软件博览会于6月29日至7月1日在北京拉开帷幕。此次软博会由中国工业和信息化部、北京市人民政府主办，以“软件定义世界，智能引领未来”为主题，受到了社会各界广泛关注。在活动中，作为国内用户量最多的手机安全管理软件，360手机卫士凭借其强大的安全特性和科技创新，在评选中脱颖而出，荣获本届软博会金奖。
    本届软博会上全面展示了中国软件（600536）产业的最新发展，而360手机卫士则是其中的代表产品。360手机卫士负责人姚彤表示：“360手机卫士秉承了360公司的安全基因，经过8年多的持续发展，累计用户已经超过10亿人。360手机卫士在不断进行功能创新的同时，也非常注重人文关怀，清理加速、欺诈拦截、软件管理和手机杀毒四大重点功能为用户手机提供最优质的多方位立体防护。”
    
    安全与每个人都息息相关。当下电信诈骗高发，各种防不胜防的诈骗电话带来的是一个个令人扼腕叹息的案例。利用积累近10亿的用户举报拦截骚扰号码数据，360手机卫士能够云端智能下发骚扰诈骗标记，即根据标记类型、标记次数、呼出次数、拨打陌生人频率、挂断率等多种号码呼叫行为，下发标记和警示信息，为用户带来诈骗电话防护，并通过大数据挖掘，基于人工智能的深度学习技术，对新型诈骗方式进行及时发现和提示。
    姚彤表示：“网络安全靠人民。面对电信诈骗，每个人都不可能只是旁观者。360手机卫士一直积极号召用户主动标记骚扰诈骗信息，充分发动人民群众的力量打击电信诈骗。”
    数据显示，360手机卫士上线8年以来，共识别拦截骚扰电话1627.6亿个；拦截各类垃圾短信约2838亿条；拦截各类钓鱼网站攻击57.7亿次；截获手机恶意程序超过3705万个，有力保护了手机用户的安全与隐私。
    近年来，360手机卫士还积极支持各地公安部门打击手机诈骗犯罪，目前已经联合广东、深圳、温州等地公安，成功破获多起特大型典型诈骗案，有效的打击了手机诈骗犯罪，维护了手机用户的合法权益。
    此外，360手机卫士还可以针对用户的个性化需求，进行特殊的定制化服务。用户可以自由添加手机防盗、隐私空间、充电保护、安全扫码等30多项个性化功能。在为用户提供全方位手机安全及隐私保护的同时，也让用户的手机变得更加方便和快捷。
    一直以来，360手机卫士的市场占有率始终保持行业领先。截至2016年底，360手机卫士的活跃用户市场占有率已达66.7%，超过第二、第三名的总数之和。
    “中国国际软件博览会金奖”评选活动与中国国际软件博览会同期举办。每年的金奖都会从技术(产品)、企业和人物三个方面设计奖项，并邀请中国科学院、中国工程院院士组成评审委员会，对入围参选技术(产品)、企业、人物进行终审，得出各奖项最终名单。凭借严谨的评选流程与筛选标准，中国国际软件博览会金奖被公认为是国内软件行业最高等级的评选",媒体新闻,7404098262101591515_0_39535,中国软件行业“奥斯卡”评选揭晓 360手机卫士荣获金奖,中国软件,0
" 日前，中国国际软件博览会在北京展览馆举行。IDG资本合伙人牛奎光在中关村(行情000931,诊股)并购母基金主办，深交所中关村创新创业企业培训基地、北京华胜天成(行情600410,诊股)科技股份有限公司协办的 2017中国路软件业投融资趋势论坛做主题演讲。
    IDG资本合伙人牛奎光
    以下为演讲实录：
    牛奎光：各位来宾大家好。很高兴在这儿讨论一下中国软件(行情600536,诊股)产业的投资机会和挑战。IDG投资了很多软件公司，像金蝶这样的软件公司。我们从2013年开始建立专门的团队做企业服务的投资。现在的一些新型的公司，或改进流程，或用人工智能的方式来帮助提高内部的效率有很多的尝试。刚才几位嘉宾谈到中国软件的市场跟国外比起来很落后的，这个事对我们来说是好事也是坏事，对我们来讲中国软件市场发展不够完善，给我们很多的发展机会。
    我觉得中国软件发展过去有三件事制约了软件的发展，第一件事，就是人便宜，人便宜这件事是我们过去很长一段时间享受了人口的红利，整个经济的发展建立在人口红利的基础之上。软件一开始做得事就是信息化，就是提高效率，这是一个原因。第一个原因也改变了，过去几年，人工薪资大幅度上升，过去几年当中大幅度的保持。我们在很多的星级酒店，服务员已经不够用了，在很多的餐馆服务员不够用了，现在快递高速发展，快递员挣的很多，这是一个好的现象。我们吃饱了以后，有很多活不愿意干了。
    第二个，就是盗版，中国之前的软件都是工具软件，就是盗版，盗版没有办法。中国的盗版怎么解决的？十年前大街上卖盗版光盘的，卖影音店特别多，现在都找不到的，现在爱奇艺、优酷、土豆，大家都是在手机上看，软件的行业类似。中国盗版问题自然解决了，这是好的现象。解决了之后，整个行业更加有生命力。还有一个中国的云市场的增长，但是没有出来。
    第三件事是手机的出现，把人用软件这件事培训完了。以前大家去用，买软件的成本是一回事。现在每个人都是用软件，而且很容易做。这件事对社会是一个很大的刺激作用。有了这三件事其实是整个软件市场能够发展起来，现在生长出来一片森林。这个基础性的改变是软件行业接下来的大发展。
    软件垂直行业不展开说了，如果从行业的管理上来说，基本上七朵云，从市场云、销售云、财务云、采购云、沟通云和客服云和HR云。市场云、销售云先起来的。我觉得在我们今天这个时候，可能整个软件行业已经不能单纯形态上，长成什么样的势，而是更多是数据流动的通道，或者说数据流通的载体来看。市场云中国最大的市场流动是百度，这是不用说的，承载市场服务的一个手段和一个通道。还有一个销售云有很大的关系，也有提高管理流程这件事出来。美国也是CRM一件事做到五六百亿，跟百度差不多。财务云也有坐着用友老前辈，财务上来讲，其实在后端不容易把信息去放到云上去，在这里面看到了很多的改变，很多中小企业，有意思的一件事随着社会的发展，一本账也很好。
    其实沟通和客服，这两个情况算是中层，沟通和客服之前的时候，大家认为成本的问题，也不一定利润的问题，或卖点东西变成利润的问题。现在沟通云、客服云、HR云是传统意义上的后台，看到情况上来看基本上前台、中台到后台引进的过程。在这样过程，每一个都有这样一个机会。我觉得，很多的政府也开始特别重视大数据的事，政府拥有最多的大数据，现在弄一个身份证跑好几次，很多人抱怨，因为他们之间互不通，他们互通了人就不用跑了。能够带来巨大的生产力的提升。一个人跑比一个数跑怎么算都贵多了。
    我们讲挑战，很多做软件企业都会问的问题，我们软件是线上好还是线下好，有的人说做直销，有的做渠道，这个事哪个更好一点。还有一个来了互联网思维，互联网思维讲免费，那就是说免费好还是收费好。最后的话，还有一个切入点，是从中小企业切入还是大中型企业切入，这是大家中间问到一些问题，中间也有很多坑。其中最大的坑是什么问题？现在很多的做软件都是说要做云，本质上来讲，一开始提供软件解决的方案，可以用新的标，其实解决了问题，跟原来做软件基本上是同一个问题，你的销售成本是一样的，原来一年变成了三年的事，在这个过程中，把这个企业做到收费也好，或者现金流出去的话，要不然扩融资，看到整个事情的比较前景和自己变成龙头资源的可能，让大家投钱。
    其实这四个问题，我们碰到很多，我们投了很多软件企业，我们碰到很多，简单来说没有一个统一的答案，我们挑一个说。比如说线上和线下，有的比如说线上的话，要获客，没有扩张过程中的人手问题。但是线下大家觉得慢，仅仅从这个问题上考虑问题的话，这是想自己的事，没有想客户的事。什么意思呢？给你一个软件，这个软件本身其实有用，这个软件本身不可复制，但是怎么教会人家，让人家用起来。如果说知道怎么用，拿回家就使了，给他就行了，这是线上教育率最高的。还不知道怎么使，有一个人讲一讲，这个上面点赞，去批一个什么东西，整个公司气氛调动起来，你要是服务，做到这样程度的话，你线上做不了，只能线下去做。很多挑战和坑，面对我们市场一个现实。从扩张上角度来说，线上扩张程度肯定比线下多。
    我觉得就是说，现在看到这些落后的基本，没有办法超越，只能是别人留了一块地我们去干。今天还有独特的机会，使得我们有可能比国外干得还好，这是我们的后发优势，在手机上表现很明显了，我们移动支付马上起来了，在银行汇钱，微信转账、支付宝转账就起来了，美国还用支票，我们领先多了。
    我觉得有一件事，软件的改变，终端的改变意义不是很大，在手机上意义不大。有意义是什么呢？软件对思想的改变，为什么软件会有思想的改变？之前的时候，其实我们在一个以制造业为主的环境里面，在之前德国也是这样的，那时候ERP主流，那时候主要是管控。换句话说，这个软件伺候老板，底下人干活就可以了。但是整个社会阶级发生巨大的变化，最后孕育着人与人之间的关系发生巨大的变化，在互联网行业所有公司都有侵权，为什么有侵权，现在不能当做员工，当做合伙人。手机的到来，让社会变得更加扁平，也带来个人与老板之间关系的变化，这样一个变化，以前的时候自上而下，现在不是自下而上，但是更多靠使用者感受。这是一个很大的变化。
    第二件事，邹教授讲了很多人工智能的机器，我举个例子，我们也是在2014年开始投资人工智能，我们也做得很好，人工智能解决软件中的什么问题？我举个例子，之前的时候，快销品行业，这个放在什么地方？把竞争对手赶在坏的位置，必须得沉淀要拍照，这是非常耗时耗力的。软件解决流程问题，有了人工智能，可以把这些更高，谁来都可以，只要是人过来拍张照片，用人工智能拍的照片，每个品牌在哪个位置。其实人工智能有一个很大的作用，提高了评价的标准化，这是一个巨大的意义。我经常有一个笑话，弄了一个咖啡馆，一个校友开餐馆的用了一招就挣钱了，办什么？我这儿只能用微信支付或支付宝，就这一件事就挣钱了，提高整个过程标准化。
    第三件事，就是数据流通性和外部性。现在的话，我们电商的经济，我们社交媒体的经济，其实在外面留了很多的数据，怎么更好的利用这个数据来做沟通，这个我觉得软件行业面临巨大的问题。
    还有一个事软硬件一体化。刚才王总也讲到物联网，其实把软硬件的思想结合在一起，所以说在这个地方的话，我们还是看到了一个很大的软件行业一个基本。
    最后一件事，传统瓶颈的外部化，如果有比较好的思想多聊一聊。
    后面不多说了，除了Sass之外，在云/大数据、基础科技、开发者服务有一些很好的沟通。我想今天再来讲软件的话，不能为了软件讲软件，其实已经跟数据融合在一起，已经跟云融合在一起，跟基础科技，像安全、芯片、人工智能结合在了一起。就是说，我们看到今天的软件吃掉世界的时候，我们看到全新的软件物种吃掉世界，这是观察事物的一个角度而已。也与各位软件同行共享。谢谢
",媒体新闻,1077875518287766967_0_54757,牛奎光：中国软件产业的投资机会和挑战,中国软件,0
" 要创新财政资金支持政策，统筹利用现有资金资源，加大对软件和信息技术服务业发展的支持。主要措施包括：采用政府引导、市场化运作方式，探索建立国家软件和信息技术服务业产业投资基金；鼓励运用政府和社会资本合作（PPP）模式，引导社会资本参与重大项目建设等。    
    
    工信部运行监测协调局提供的最新数据显示，今年前4个月，我国软件业务收入同比增长13.1%，其中信息安全、工业软件产品收入增长较快，在线运营及平台类信息技术服务收入增速明显。    
    专家表示，我国软件业务收入增速与云计算、大数据、移动互联网等新兴产业的快速发展有关。随着产业扶持力度不断加大，我国软件和信息技术服务业的发展前景会越来越光明。
    新业态助推我国软件业务收入增长
    最新数据显示，今年1―4月，我国软件和信息技术服务业完成软件业务收入15753亿元，其中信息安全产品增长12.3%，工业软件产品增长20%。
    中国电子信息产业发展研究院电子信息产业研究所所长安晖在接受本报记者采访时表示，随着《中国制造2025》及《国务院关于积极推进“互联网+”行动的指导意见》的实施，智能制造已经成为工业领域的重点，工业软件是实现智能制造的重要基础。与此同时，工业软件等产品的普及应用，也在一定程度上推动了信息安全产品市场的快速增长。
    “服装生产企业通过制造执行管理系统（MES），可以设计出最省布料的服装版型；嵌入在数控机床里的数控系统，可以帮助工人完成复杂的机械加工工艺。”安晖告诉记者，在未来的智能制造时代，工业软件将决定制造业的发展水平，制造业的发展奠定了商业社会的物质基础。所有的工厂都向软件企业、数据企业的方向发展，而工业软件是这一切的源头。
    据他介绍，工业软件是指在工业领域应用的软件，包括在工业制造装备中和工业产品中应用的嵌入式软件，以及在工业生产各环节应用的工业管理软件。根据所处工业领域的不同，工业软件可以提供特色功能。
    “只要我们运用信息技术，都会有一定的信息风险，工业软件方面也是如此。现在有专门针对制造生产环节的病毒，可以对工业控制软件进行攻击，如果黑客攻击得逞，生产线轻则瘫痪，重则会出现安全生产事故。所以，就像我们为电脑安装杀毒软件一样，生产制造企业也要在应用工业软件的同时，安装信息安全产品。”安晖说，在这种情况下，工业软件用户就愿意在信息安全方面投入比较多的费用，从而带动信息安全产品需求的增长。
    除了信息安全、工业软件产品收入实现较快增长外，在线运营及平台类信息技术服务收入增长势头也很明显。数据显示，1―4月，信息技术服务实现收入8441亿元，同比增长15.8%，增速高出全行业水平2.7个百分点。其中，运营相关服务收入增长21.1%，同比提高5.1个百分点；电子商务平台技术服务收入增长25.4%，同比提高1.7个百分点。
    “为什么我们凭借智能手机就可以打到车、叫到外卖呢？这实际上是信息平台在幕后所起的作用。”安晖告诉记者，像京东商城、阿里巴巴和淘宝网，就是知名的电子商务平台。其实，信息平台就是在促成双方或多方供求之间交易的同时，收取恰当的费用或赚取差价而获得收益的一种商业模式。随着共享经济、平台经济这些新型业态不断涌现，在线运营及平台类信息技术服务收入的收入也会呈现不断增长的势头。
    政策助力，我国软件业务收入更上层楼
    今年年初，工信部印发的《软件和信息技术服务业发展规划（2016-2020年）》（以下简称《规划》）提出，到2020年，我国软件业务收入突破8万亿元，年均增长13%以上，占信息产业比重超过30%，其中信息技术服务收入占业务收入比重达到55%。信息安全产品收入达到2000亿元，年均增长20%以上。软件出口超过680亿美元。软件从业人员达到900万人。
    在安晖看来，《规划》明确了未来5年我国软件和信息技术服务业的发展目标、重点及主要举措，描绘了中长期发展的“路线图”，从而起到集聚资源、形成合力的作用。用他的话说，有了《规划》，各地就会以之为引导，推动重点领域的发展。
    工信部信软司相关负责人近日在接受媒体采访时表示，经过多年努力，我国软件和信息技术服务业产业规模、质量、效益取得全面跃升，具备较好的跨越发展基础。同时，制造业大国和互联网应用大国优势突出，国家战略的实施和推进，也为产业发展提供了强大动力。但与发达国家相比，产业依然“大而不强”。“因此，《规划》主要聚焦软件‘铸魂’、信息技术服务能力跃升、云计算能力提升、大数据技术研发和应用示范、工业技术软件化推进等9个方面的重点领域。”该负责人说。
    为保障上述目标和任务的实现，《规划》强调，要创新财政资金支持政策，统筹利用现有资金资源，加大对软件和信息技术服务业发展的支持。主要措施包括：采用政府引导、市场化运作方式，探索建立国家软件和信息技术服务业产业投资基金；鼓励运用政府和社会资本合作（PPP）模式，引导社会资本参与重大项目建设等。
    在安晖看来，建立一支“国”字头的产业投资基金，对于拉动产业发展会产生非常大的作用。他告诉记者，软件和信息服务业属于知识密集型产业，除了设备投入外，劳动力成本的前期投入也是非常巨大的。比如，一款大型软件从开发到进入市场，中间会有一个比较长的周期，这就需要大量的资金投入。
    “PPP与基金扶持软件服务业发展有所区别，前者直接面对产业，推动软件产品研发；后者更多的是推动软件产品应用。比如，政府和社会资本联袂，推动像智慧城市这样的基础设施建设，让工业软件先行先试。待市场成熟、软件企业‘造血’能力增强后，我国软件和信息技术服务业的瓶颈就会迎刃而解。”安晖说。",媒体新闻,12887685885768206552_0_547,中国软件和信息服务业何以快速发展？,中国软件,0
"  新华社大连6月16日电（记者王莹、白涌泉）商务部《中国软件出口发展报告2016》在第十五届大连软交会期间发布，报告介绍了2015年到2016年中国软件出口的基本情况，分析了中国软件出口规模持续扩大等四大主要特点，并提出了未来提升软件出口竞争力的发展思路。
    商务部服贸司副司长许涛表示，软件是引领科技创新、驱动经济社会转型发展核心力量，扩大软件出口是构建外贸竞争新优势的必然选择，是中国服务品牌的重要组成。从2008年开始，商务部开始编写中国软件出口发展报告。
    报告指出，2016年中国软件出口呈四大主要特点。一是规模持续扩大，结构不断优化。2016年中国软件出口执行金额为342.3亿美元，同比增长2.51%。2016年软件研发外包、信息技术服务外包、运营和维护三项出口执行金额分别为228亿美元、59亿美元和42.5亿美元，占信息技术外包总额比重分别为69.01%、17.87%和12.85%，逐步呈现出以软件外包为主，集成电路、电子商务平台等多元化出口结果。
    二是创新能力不断增强，部分领域实现重大突破。2016年全国软件注册登记量40.8万件，同比增长39.5%，首次突破40万件大关，也是2010年以来增长最快的一年。智能电网调控调度控制系统、大型枢纽机场行李分捡系统、切换分级炼油控制系统等重大应用跨进世界先进行列，新兴领域创新活跃，一批骨干企业取得实质性发展。
    三是软件出口市场形成欧美日为主，面向全球的发展格局。2016年中国软件出口市场达180多个国家和地区，向美日欧三大经济体软件出口额占软件出口总额的半数左右，“一带一路”沿线国家市场取得积极进展。
    四是从业群体不断壮大，呈现知识化、年轻化、高端化趋势。软件和信息技术服务业从业人员中大学生占65%，成为我国知识性人才就业的主渠道。从产业分布来看，除IT领域达35%占主要份额外，制造、交通、教育等领域软件从业人员人数占比超过48%，说明软件业与制造业、服务业的融合性越来越强。
    报告指出，2017年中国软件出口虽面临全球政治局势动荡，贸易增速低迷，贸易保护主义持续等挑战，但同时也面临许多有利因素，网络经济、数字经济加快发展，新模式新业态不断涌现等现状，为中国软件企业输出和建立自主标准、自主品牌提供了机遇。",媒体新闻,2171239842702737548_0_590098,商务部：2016年中国软件出口呈现四大特点,中国软件,0
"2016年中国软件出口呈现出以下主要特点：
    规模持续扩大，结构不断优化。2016年中国软件出口金额342.3亿美元，同比增长2.5%。其中，通过信息技术外包实现的软件出口330.5亿美元，占比96.6%；软件产品出口金额11.8亿美元，占比3.4%。2016年软件研发外包、信息技术服务外包、运营和维护服务三项出口金额分别为228亿美元、59亿美元和42.5亿美元，占信息技术外包总额比重分别为69%、17.9%和12.9%，逐步呈现出以软件研发外包为主，集成电路和电子电路设计、电子商务平台服务等不断丰富的多元化出口结构，IT解决方案等高附加值业务量逐步提升。2016年11个基地城市软件出口额共计217.6亿美元，占全国软件出口总额的63.6%，示范引领作用不断增强。
    创新能力不断增强，部分领域实现重大突破。
    2016年全国软件著作登记量40.8万件，同比增长39.5%，首次突破40万件大关，也是2010年以来增长最快的一年。截至2016年底，我国软件和信息技术服务企业累计获得开发能力成熟度模型（CMM）等国际资质认证6750项。基础软件创新发展取得新成效，产品质量和解决方案成熟度显著提升，在部分重要行业领域取得突破。智能电网调度控制系统、大型枢纽机场行李分拣系统、千万吨级炼油控制系统等重大应用跨入世界先进行列。新兴领域创新活跃，一批骨干企业转型发展取得实质性进展，平台化、网络化、服务化的商业模式创新成效显著，涌现出社交网络、搜索引擎、位置服务等一批创新性产品和服务。
    软件出口市场形成欧美日为主、面向全球的发展格局。2016年中国软件出口市场达180多个国家和地区，居前10位的国家和地区分别为美国、中国香港、日本、韩国、新加坡、中国台湾、德国、英国、芬兰、瑞典。2016年我国向美日欧三大经济体的软件出口额170.4亿美元，占软件出口总额的二分之一。“一带一路”沿线国家市场取得积极进展，2016年出口金额48.8亿美元，占比14.2%，比2013年“一带一路”倡议提出之际提高1.7个百分点。一批有实力的软件企业加快“走出去”步伐，跨国并购、设立海外研发中心等活动明显增多，正在俄罗斯、印尼、印度等“一带一路”沿线新兴市场加快布局。
    从业群体不断壮大，呈现知识化、年轻化、高端化趋势。软件和信息技术服务业从业人员数由2010年的260.3万增长到2016年的855.7万人，其中大学（含大专）占65%，成为我国每年700多万高校毕业生为代表的知识型人才就业的主渠道，是我国向数字化社会转型的人才储备库。从产业分布来看，除IT领域达35%占主要份额之外，制造、交通、教育、电信、金融等领域的软件从业人数占比超过48%，说明软件业与制造业、服务业的融合性越来越强。IDC报告显示，美国占世界软件开发人员19.2%，中国、印度分别列第二、三位，分别占10.1%、9.8%。
",媒体新闻,4678404848415805620_0_2116,2016年中国软件出口持续增长,中国软件,0
" 软件是新一代信息技术产业的灵魂，“软件定义”是信息革命的新标志和新特征。软件是引领科技创新、驱动经济社会转型发展的核心力量，扩大软件出口是构建外贸竞争新优势的必然选择，是“中国服务”品牌的重要组成。从2008年开始，商务部开始编写“中国软件出口发展报告”，至今已经十年。6月15日，商务部在第十五届中国国际软件和信息服务交易会上发布了《中国软件发展报告2016》，详细介绍了2015~2016年中国软件出口的基本情况，系统分析了中国软件出口的主要特点、存在的主要问题及制约因素、市场前景，并提出了未来提升软件出口竞争力的发展思路。
    2017年中国软件出口虽面临全球政治局势动荡、贸易增速低迷、贸易保护主义持续等挑战，但仍面临许多有利因素。智能制造、网络经济、数字经济加快发展，新模式、新业不断涌现，将扩大全球软件市场需求。中国在新型全球化中更加积极可为，全球治理话语权不断提升，为软件出口创造了有利条件。
    一是全球软件市场将保持增长态势。金融危机爆发以来，全球软件和信息技术服务需求呈现逆经济周期的快速增长特征。智能制造、网络经济、数字经济加快发展，新模式、新业态不断涌现，都将扩大全球软件市场需求。据Gartner预测，2017年全球软件服务支出达1.1万亿美元，同比增长4.1%。以云计算、大数据和移动互联网为标志的新一轮信息技术革命正在开启服务外包的新时期。预计到2020年全球服务外包市场规模将达到1.65万亿美元~1.8万亿美元，其中离岸服务外包规模约4500亿美元。从发展领域看，未来软件业的优势领域主要有数据库、支撑软件包、虚拟现实、WAP技术、基于神经系统的多媒体应用、实时和对安全性要求高的软件以及金融、财务软件和娱乐软件等。
    二是软件正成为经济社会发展的基本要素。软件具有知识密集型和高附加值属性，是国民经济的重要组成部分。随着信息技术在经济社会各领域的渗透率逐步提高，经济社会各领域各类业务形态与信息技术深度融合。在云计算、大数据、移动互联网等新技术的推动下，软件有力支撑了分享经济发展，支撑了工业互联网、移动医疗、智慧交通等的快速发展。软件正在成为发展智能制造和促进两化深度融合的重要基础，成为经济社会发展动能持续转换的强劲引擎。
    三是网络化、移动化、智能化成为企业转型升级新方向。互联网、物联网和移动互联网快速发展，云计算成为新的信息基础设施，推动信息技术服务交付方式向以互联网为基础转变。据预测，2017年全球云计算行业规模将达1070亿美元，2020年全球物联网市场规模将突破2630亿美元。大数据的发展将带来金融风险管控、智能控制、社交营销和商业模式等方面的变革，围绕大数据的汇集挖掘、处理分析、开发存储等新的外包服务将保持增长。智能制造发展将加速软件研发创新，个性化定制、网络智能制造等新的制造范式正在兴起。传统制造业正在朝着绿色低碳、网络智能、超常融合、共创分享的高端新型制造发展，围绕智能制造的软件产品和信息技术服务将呈现爆发式增长。
    四是“软件即服务”成为商业模式创新的重要趋势。依托云计算有效提高了软件服务提供商的效率，实现了交付模式创新。众包平台通过一对多的方式提高了服务规模效益。发包商和服务提供商之间更加注重利润分享、共享风险回报等新的合作方式。越来越多的软件企业由过去销售产品发展成与客户签订服务协议的方式，由一次性购买发展成年度订购的方式。
    五是“互联网+制造”成为提升出口竞争力的重要路径。当前，世界各国都在加大科技创新力度，推动3D打印、物联网、云计算、大数据、新能源、新材料等领域取得新突破。基于信息物理系统的智能制造正在推动制造方式改变，协同设计、个性化定制、电子商务等正在延伸拓展产业价值链；智能制造、自动驾驶汽车、机器人等智能终端产品不断拓展制造业新领域，带动软件业不断创新和变革，催生“互联网+制造”。“互联网+制造”提高制造业数字化、智能化、网络化水平，推进制造业的规模化定制、柔性化生产、服务型制造方式变革，软件业和制造业在不同领域广泛融合，形成新的产业形态、产业组织和资源配置方式，将成为提升我国出口竞争力的重要路径。
    六是传统市场和新兴市场具备双向拓展空间。美欧日传统市场有望保持稳步增长。美国作为全球最大软件发包国发包规模占全球市场的55%以上。通过扎实推进中美投资协定（BIT）谈判，加强中美战略与经济对话等都将为软件出口便利化创造有利条件。中国与欧盟、中东欧16国的经贸合作日益密切，中欧全面战略伙伴关系深入发展，将为对欧软件出口创造有利环境。“一带一路”新兴市场前景更加广阔。“一带一路”沿线多数国家和地区信息化和工业化程度低，数字鸿沟巨大，为中国软件企业输出软件和信息技术服务，建立自主标准、自主品牌提供了机遇。海、陆、空、网基础设施互联互通，网络数字信息共享水平不断提高以及国际产能合作、装备合作不断发展，都将为软件出口市场带来巨大发展空间。",媒体新闻,2104686342269265667_0_2116,中国软件出口面临五大发展机遇,中国软件,0
"【文/观察者网庄怡】微信的文章打赏功能让很多文字工作者尝到了知识付费的甜头，并一度让人遐想知识付费的春天即将到来。不过，半路杀出个程咬金――苹果公司。
    眼看打赏功能越做越强，可以打赏的应用程序越来越多，苹果公司迫不及待想要分一杯羹。除了上个月和微信没谈拢关闭了其IOS版本中的付费功能，苹果公司近期还约谈了其他具有打赏功能的中国社交APP，表示要从打赏中抽30%的手续费，否则可能将这款APP踢出应用商店。
    《华尔街日报》报道截图
    《华尔街日报》5月18日报道了这则消息，文中称，苹果要求，“打赏”将像用户购买的游戏、音乐和视频一样，被视为应用内购买（in-app purchases），届时苹果将从中获得30%的分成。
    很明显，这个“霸王条款”让中国很多有打赏功能的应用程序供应商不能接受。
    有两家被约谈的公司首席执行长表示，苹果告诉他们，如果拒绝改变，则其应用的升级版本将不再可供用户使用，甚至有可能被踢出应用商店。
    在这两家应用开发商看来，这是一种强迫手段。打赏与购买歌曲或其他虚拟商品不同：打赏是出于自愿，发生在用户消费内容之后，因此不属于销售行为，而是表达欣赏的方式。
    其中一家高管抱怨称，他公司的平台没有收取任何费用，但苹果什么都不做就可以抽成30%。
    据了解，目前有赞赏功能的国内应用有微博、豆瓣、分答等等。
    消息传到国内，部分网友已经完全看不下去了，捡起了那些年放下的安卓手机。
    这是在自毁长城。
",媒体新闻,4988613138381533199_0_54757,苹果强硬单挑中国软件供应商：不给我分成30%就滚蛋,中国软件,0
"在经济全球化时代，品牌是企业乃至国家综合核心竞争力的体现。当前，我国正处于从经济大国向经济强国转变的重要阶段，一大批优秀的中国企业正肩负“三个转变”的使命稳步走出国门，向世界展示“中国创造”“中国质量”“中国品牌”的魅力DD
    “阿里云海外市场获得高速增长，其中尤以‘一带一路’沿线国家市场发展最快。过去一年里，阿里云业务规模增速超过400%，同时带动超过10万家中国企业规模化出海，未来3年内‘生态规模’有望达到上万亿元。”阿里云副总裁喻思成告诉记者。
    阿里巴巴的出海路径，代表着“中国技术”走向海外。据了解，阿里云在“一带一路”沿线设立了香港、新加坡、迪拜、欧洲等地数据中心，自主研发的大规模计算操作系统飞天也一同出海，将遍布全球百万级服务器连成一台超级计算机，以在线公共服务的方式为社会提供计算能力。
    “技术是品牌建设乃至品牌出海永远的底气。当它与‘一带一路’建设紧密结合在一起，不仅能为企业本身带来跨越式发展的新动能，还能为‘一带一路’沿线国家带去资金、产品、服务等，更能为中国企业出海‘铺路搭桥’。”喻思成表示。
    他还透露，截至目前，已有超过100家中国SaaS软件企业跟随阿里云的全球基础设施布局走向全球。驻云、网久等中国软件企业和大疆创新、每日瑜伽、大拿等中国互联网（爱基,净值,资讯）科技企业纷纷借助云计算基础设施布局全球，其中，MUsic.ly在美国APPStore音视频分类排名第一，大拿的物联网平台支撑起数百万家用摄像头。
    阿里云只是阿里巴巴技术出海的一个缩影。在俄罗斯、西班牙、巴西等220多个国家和地区，AliExpress（全球速卖通）品牌正逐渐成为当地消费者最喜欢的电商平台品牌。今年4月10日，在成立7年之际，阿里巴巴全球速卖通迎来了自己的第1亿个海外买家。通过一个个飞向海外的包裹，海外消费者正在逐渐习惯用跨境电商的方式享受“中国制造”，千万中小企业也通过这一方式“群龙出海”。
    速卖通总经理沈涤凡表示，AliExpress“起飞”同样依靠技术的力量。如今，速卖通联合支付宝已打通全球220多个国家和地区的资金渠道，支持18种货币结算。在物流方面，“今年我们会和菜鸟网络合作建立一个国际物流智能调度中心，利用数据计算物流线路的拥堵程度，向卖家提供建议和预警”。
    “1亿用户是全球速卖通的小目标，也是阿里巴巴全球化的一个小小的里程碑。到2025年，阿里巴巴要服务全球20亿消费者，其中至少有10亿来自海外。”沈涤凡对未来充满信心。（经济日报记者 陈 静）
",媒体新闻,13650412651087480498_0_588751,阿里巴巴：技术是永远的底气,中国软件,0
" 原标题：生态优先，苏北振兴驶入“绿色跑道” ――苏北发展新观察（中）
    ――苏北发展新观察（中）
    
    淮安古淮河西游文化旅游城。 本篇报道配图均为新华报业视觉中心记者宋宁摄
    
    宿迁绢花产品销往世界各地。
    4月，徐州市贾汪区旗山煤矿，空无人烟的老矿区等待着新生。去年10月20日，它成为徐州城区关闭的最后一座煤矿。“那天我上完井，井口便被封上。”看着熟悉的一切，旗山煤矿党委书记马金保很是感慨。采煤成为历史，在处理完人员安置等事宜后，这里计划打造成物流基地。
    煤城贾汪的变革，见证着苏北的发展转型。在“两聚一高”的新征程上，坚持生态优先、绿色发展成为苏北发展的主线。各地都把生态文明建设摆上重中之重的位置，补生态短板，做绿色文章，增亮绿色发展的底色。
    生态短板快补上，
    不留被污染的GDP
    记者走进苏北五市，满眼的绿色是最直观的感受。
    “虽由人作，宛若天成”。淮安市白马湖国家湿地公园保留纵横交错的田埂和塘圩，整合散落湖中大小岛屿，打造独特的苏北水乡景观。“以前沿湖过度围养，湖面侵占严重，150平方公里水域减少近四分之一。周边城市沿线工农业废水都排进来，湖体水质恶化，生态环境被严重破坏。”说起曾经的白马湖，湖区规划建设管理办公室副主任刘书苏直摇头。
    2010年，淮安启动白马湖生态环境保护工程，先期自主投入约13.36亿元，实施完成退渔还湖、退圩还湖、水域整治等工程。白马湖自然生态功能基本恢复，生物多样性和湖泊生态景观得到有效保护，入围全国15个生态良好重点保护湖泊名录。
    在徐州高铁站西面不到两公里处，有座海拔120余米的东珠山。由于历史上无序开采，东珠山一度成了乱石岗。如今，这里林木茂盛，景致错落，还引入人工瀑布，一派山水风光。“山下有个金龙湖，我们把挖湖的土回填到山上，在石头上‘造’风景。”徐州市高铁国际商务区工作人员王莉莉介绍，经过几年的生态修复，东珠山被打造为城市客厅，成了淮海经济区远近闻名的婚纱摄影基地，最多时每天吸引近300对情侣前来拍照。
    不可否认，苏北一些地方在过去的发展中，也曾走过先污染再治理的弯路，留下不少生态欠账。在高水平全面建成小康社会的进程中，生态环境建设依然是苏北的突出短板。如何补齐短板，苏北必须转变理念，持续发力。记者翻看苏北各市今年政府工作报告，“生态”是共同的“热词”。比如，宿迁的最新发展定位是建设生态大公园，而盐城则提出打造现代化、国际化、绿色化的江苏沿海中心城市。
    连云港背负着灌云县和灌南县的两个化工园区。“化工厂该关的一定关到位，不留被污染的GDP。”连云港市副市长徐家保介绍，当地实行“三线一清单”管理，坚守生态保护红线、环境质量底线、资源利用上线，推行环境准入负面清单，以生态环境保护优化经济社会发展。近一年，“两灌”化工园区新化工项目已不再审批，至今没解禁。
    打赢生态战，百姓有了更多获得感。省发改委统计显示：去年苏北地区PM2.5浓度同比下降7.7%～16.4%，新增污水收集管网约900公里，建制镇污水处理设施覆盖率达到86%。
    生态就是竞争力，
    资源创造附加值
    苏北腹地空间广阔，境内有江、淮、沂、沭、泗五大河流，还有洪泽湖、高邮湖、骆马湖等大中型湖泊，京杭大运河等河道纵横，平原、滩涂、湿地、低山丘陵等形态多样的地貌交错分布，在全省生态环境中具有重要战略地位。
    与苏南相比，苏北虽然经济发展水平还有不小的差距，但这里拥有独特的自然禀赋，有良好的生态基础，用好这些自然资源，就能创造发展新优势。
    4月下旬，滨海城市连云港进入旅游旺季。在连云区宿城街道，改造一新的桃源路特色购物街区，成为海上云台山景区的新亮点。在街边山脚下的八间房民宿群，8个院落保留过去的老风格，又融入文创元素，为游客带来别样体验。“我们原来主要靠观光，现在开发深度游。”连云区全域旅游创建办负责人喻兰介绍，当地对旅游产业全面升级，坚持海洋游与山地游双轮驱动，通过融合健康、养生、文化、生态、工业、渔业，形成六大特色旅游业态。
    “我们这里有山、有海、有岛、有湖，都是稀缺资源，要把旅游与富民结合到一起。”连云区区委书记陈书军很有紧迫感。眼下，全区上下目标明确，准备把这个在全省各县区中经济总量最小、人口数量最少的区，打造成最富有、幸福指数最高的区。
    加快发展生态旅游、生态农业，苏北建设一批独具特色的风情小镇，实现经济发展与环境保护的统一。徐州市鼓楼区依托龟山汉墓和探梅园，在整治一新的丁万河边建起龟山小镇；宿迁市宿豫区搞起特色种植，建设多肉植物基地；东海县打造国际农业合作示范区，集中葡萄、花卉、核桃、蓝莓等优势产业，实现现代农业转型。
    “盐城有两个国家级自然保护区，形成生态价值链。我们集聚生态要素，为未来打好基础，能把游客留下来，也有条件把世界一流的产业引过来。”在盐城市副市长蒋巍看来，生态保护可以创造价值，不仅能改善环境，还会带来生态效益放大的“附加值”。今年春季，盐城实施沿海百万亩生态防护林项目，打算用几年时间种出一片大森林。盐城全面推动“五个一”战略工程，围绕一张网、一桶水、一片林、一部车、一座城，实现补短板、惠民生、利长远。
    良好的生态就是竞争力，成为吸引项目和人才的重要抓手。如今，越来越多的外出务工者回到苏北家乡就业。盐城智能终端产业园内，盐芯微电子有限公司总经理张春尧说，今年，公司招了50多个员工，有40多人之前在苏南等地打工。
    要“断腕”更要“涅”，
    新型工业来支撑
    “激光，改变世界的力量”。作为当前国家重点支持的战略性新兴产业，激光产业在宿迁异军突起。一年多来，宿迁激光产业园已落户13个项目，其中有6个正式投产。激光产业在宿迁“无中生有”，背后是宿迁人对发展路径选择的理性思考和突破。宿迁市政协副主席、宿城区委书记裴承前说：“跨越发展需要跨越产业。经济后发地区在发展路径和产业的选取上绝不能拾人牙慧，要转变发展方式，大胆走新路。”
    当前，苏北正处于工业化、城镇化的高速发展期，如何找到两“化”推进与生态保护的平衡点？记者采访发现，各地已形成共识：不能守着生态没饭吃，要金山银山更要绿水青山。“绿色发展不是不要发展，依然需要现代工业支撑。”徐州市发改委副主任王宏燕认为，关键是做好传统产业的转型和新经济的培育，走新型工业化道路，既要壮士断腕也要凤凰涅。
    盐城市中国环保科技城整合分散的环保企业，搭建创新平台，发展千亿级环保产业，为转型升级注入绿色动力。南京大学盐城环保技术与工程研究院副院长陈金干介绍，他们落户这里几年来，已服务200多个企业、300多个项目，孵化17家企业。环科城内的科行环保科技有限公司是烟气综合治理的“大咖”，公司负责人刘伟告诉记者，他们去年建起第三方运维中心，从卖设备拓展到卖服务。
    走进连云港市康缘药业公司，在3000平方米的智能车间，各类罐体联通着管道，只有几位工作人员巡视车间。“传统的车间要用20多人，我们现在减少一半人员，效率却提升20%。”康缘药业公司副总工程师包乐伟介绍，他们采用互联网、云计算、数据挖掘等技术，建立起中药制药过程管理系统。
    总投资450亿元的德科码半导体公司去年落户淮安市淮阴区，结束淮阴无高端产业的历史。“项目三期投产后，我们的市场占有率有望达到20%。”对于未来发展，德科码公司负责人吴政达很有信心。
    中关村在徐州泉山区建立创新中心，按照大项目、产业链、产业群、产业基地的发展思路，目前已招引落户企业186家，甲骨文、华为等全球500强企业和东软、神州数码等中国软件百强企业纷纷入驻。
    如今在苏北，装备制造、汽车、轻纺、食品等主导产业不断扩大，新能源、新材料、新医药等产业发展迅速。苏北崭露的新面貌让人欣喜，如何进一步创新发展路径，既检验着各地的“功力”，更考验着主政者的定力。（刘宏奇 王 岩）
    (责编：黄竹岩、张鑫)
",媒体新闻,3419060744535656614_0_589947,生态优先 苏北经济发展振兴驶入“绿色跑道”,中国软件,0
" 
    在2017汉诺威工业博览会的电子展台前，华为工程师正在与客户交流物联网解决方案。
    安 琪供图
    ▲在2017拉斯维加斯国际消费电子展上，阿里云展示的云计算、人工智能等技术引起业界关注。 安 之供图
    在今年4月6日举办的联想2017全球誓师大会第2站―欧洲中东非洲站现场，来自世界各地的联想员工合影留念。（资料照片）
    在2016中国进出口商品交易会上，海尔集中展出GE、AQVA等全球化产品新成果。 （资料照片）
    2016年9月份，200辆宇通公交车在连云港装船驶向巴基斯坦。
    本报记者 王轶辰摄
    在经济全球化时代，品牌是企业乃至国家综合核心竞争力的体现。当前，我国正处于从经济大国向经济强国转变的重要阶段，一大批优秀的中国企业正肩负“三个转变”的使命稳步走出国门，向世界展示“中国创造”“中国质量”“中国品牌”的魅力――
    “品牌建设需要居安思危”
    本报记者 徐 涵
    一朵八瓣红花盛开在全球。作为中国现代制造业的标志性品牌、国际通信设备制造的领跑者，华为技术有限公司的业务遍及全球170个国家和地区，并在全球范围内设立了16个研发中心。
    早在20世纪90年代，华为就已经尝试走出国门。从那时起，华为就关注品牌，并逐步形成了一整套颇为成熟的品牌战略。
    在华为的众多产品中，最为全球消费者熟知的自然是华为手机。欧洲是全球高端品牌最集中的市场，也是华为手机的主战场。在欧洲，华为实行了独特的品牌策略，那就是爱消费者所爱，关注和连接当地消费者的生活方式与情感，让华为成为一个符号性的、全球消费者喜爱的文化科技品牌。2016年，华为以186.52亿美元的品牌价值再次入选Brand Z全球最具价值品牌榜百强，排名从2015年的第70位提升至第50位。在更广阔的国际市场上，2014年华为成为中国首个上榜Interbrand“Top100”全球最具价值品牌榜的公司，2016年华为攀升至第72位，成为科技领域排名上升最快的品牌之一。
    然而，单一产品线的品牌成功并非华为的目标，华为的目标是构筑一个全连接世界。华为有关负责人告诉记者，目前华为已与运营商一起在全球范围内建起1500多张网络，连接起世界上三分之一的人口；华为的业务团队与全球的企业客户一起，以开放的云计算和快捷敏锐的企业网络，助力全球平安城市、金融、交通、能源等领域的高效运营。
    “让华为云飘向世界”是华为国际化的品牌新战略。华为认为，要想擦亮品牌，一要靠持续的创新引领，二要靠以用户为中心的战略思维。华为坚持将每年10%以上的销售收入用于研发，去年研发费用高达764亿元，占总收入的14.6%。近10年来，华为累计投入研发费用超过3130亿元。可以说，持续创新铸就了华为品牌影响力，用户思维则是华为品牌成功的基石。
    不久前的美联航事件轰动全球，很多人看到的是不公，感到的是愤怒，但华为掌门人任正非看到的却是危机。因为华为认为，居安思危是品牌建设所必备的品质。在华为市场迅速拓展的那段日子里，任正非总是问自己和所有华为人：“下一个倒下的会不会是华为？”当华为品牌知名度在全球飙升的今天，他又在问：“华为会不会是下一个美联航？”正是这样的危机意识，让华为品牌以更加扎实的步伐走向全球。
    “技术是永远的底气”
    本报记者 陈 静
    “阿里云海外市场获得高速增长，其中尤以‘一带一路’沿线国家市场发展最快。过去一年里，阿里云业务规模增速超过400%，同时带动超过10万家中国企业规模化出海，未来3年内‘生态规模’有望达到上万亿元。”阿里云副总裁喻思成告诉记者。
    阿里巴巴的出海路径，代表着“中国技术”走向海外。据了解，阿里云在“一带一路”沿线设立了香港、新加坡、迪拜、欧洲等地数据中心，自主研发的大规模计算操作系统飞天也一同出海，将遍布全球百万级服务器连成一台超级计算机，以在线公共服务的方式为社会提供计算能力。
    “技术是品牌建设乃至品牌出海永远的底气。当它与‘一带一路’建设紧密结合在一起，不仅能为企业本身带来跨越式发展的新动能，还能为‘一带一路’沿线国家带去资金、产品、服务等，更能为中国企业出海‘铺路搭桥’。”喻思成表示。
    他还透露，截至目前，已有超过100家中国SaaS软件企业跟随阿里云的全球基础设施布局走向全球。驻云、网久等中国软件企业和大疆创新、每日瑜伽、大拿等中国互联网科技企业纷纷借助云计算基础设施布局全球，其中，music.ly在美国AppStore音视频分类排名第一，大拿的物联网平台支撑起数百万家用摄像头。
    阿里云只是阿里巴巴技术出海的一个缩影。在俄罗斯、西班牙、巴西等220多个国家和地区，AliExpress（全球速卖通）品牌正逐渐成为当地消费者最喜欢的电商平台品牌。今年4月10日，在成立7年之际，阿里巴巴全球速卖通迎来了自己的第1亿个海外买家。通过一个个飞向海外的包裹，海外消费者正在逐渐习惯用跨境电商的方式享受“中国制造”，千万中小企业也通过这一方式“群龙出海”。
    速卖通总经理沈涤凡表示，AliExpress“起飞”同样依靠技术的力量。如今，速卖通联合支付宝已打通全球220多个国家和地区的资金渠道，支持18种货币结算。在物流方面，“今年我们会和菜鸟网络合作建立一个国际物流智能调度中心，利用数据计算物流线路的拥堵程度，向卖家提供建议和预警”。
    “1亿用户是全球速卖通的小目标，也是阿里巴巴全球化的一个小小的里程碑。到2025年，阿里巴巴要服务全球20亿消费者，其中至少有10亿来自海外。”沈涤凡对未来充满信心。
    “跨国并购难在文化融合”
    本报记者 秦海波
    营业额近500亿美元、拥有6万余名员工、业务遍布全球160多个国家和地区，这家国际化公司就是联想集团。
    2000年，联想提出了在10年内进入世界知名品牌行列的目标。以此为起点，联想开始一系列大规模并购：2004年，联想以12.5亿美元收购IBM PC业务，标志着联想国际化征程正式开启；2011年1月份，联想与NEC成立合资公司，坐上日本PC市场第一的交椅；2011年6月份，收购德国电子厂商Medion AG，收购完成后，联想在德国PC市场的份额扩大1倍；2012年9月份，收购巴西CCE公司，当地市场份额迅速翻番达到13%，成为巴西第三大PC厂商；2013年第二季度，在成立近30年后，联想终于得到全球两大调研机构IDC与Gartner的共同认可，以16.7%的全球PC市场份额超越惠普成功登顶，成为全球PC行业霸主。Gartner的最新数据显示，今年一季度，联想占全球PC出货量的19.9%，继续保持首位。
    联想集团董事长兼CEO杨元庆坦言，大规模海外并购是联想国际化品牌战略的重要路径，甚至可以说是一条捷径。但这条捷径同样充满着荆棘，联想正是靠着披荆斩棘走到今天的。
    “跨国并购的最大难点是文化融合。”杨元庆说，真正的国际化不只是产品的国际化、服务的国际化，更重要的是文化的国际化，必须要让来自不同地域、不同企业，拥有不同文化背景的人融入到同一个环境中，形成共同的价值观。
    有资料显示，在并购失败的案例中，70%都源于文化整合不力，这种情况在跨国并购中更为明显。为解决这一问题，联想把总部迁到美国纽约，杨元庆本人常驻美国总部；为确保顺畅交流，联想把英语作为公司的“官方语言”；联想甚至专门设立了“首席多元化官”的职务，此举开了中国企业的先河。
    在《东方遇到西方：联想国际化之路》一书中，联想首任“首席多元化官”、非洲裔美国女性康友兰表示：“在我的职业生涯中，还从没见过哪家公司的管理层像联想这么多元化，这也是激发我加入联想的一个重要原因。我要想办法让公司所有人都能向着共同的目标努力，同时尊重个体的差异。”
    “世界就是我的研发部”
    本报记者 刘 成
    日前，海尔集团首次发布六大品牌全球化战略，凭借六大品牌，海尔成为拥有品牌最多、最具国际化特质的“世界第一家电品牌集群”。
    从最初以电脑桌这样的“缝隙产品”征战海外市场，到成为全球家电品牌的巨无霸，海尔用不到20年时间，诠释了从“中国制造”到“全球智造”的飞跃。
    “全球智造”是由强大基础支撑的。目前，海尔已在全球建立起10大研发中心、108个工厂，海外产能达到2000万台，海外生产及销售综合占比56%。海尔及旗下品牌，销往全球160多个国家和地区，平均每分钟就有125位海外消费者成为海尔用户。海尔也由此成为中国唯一建立起全球本地化研发、制造和销售“三位一体”战略布局的企业。
    “全球智造”意味着海尔能够集合全球创新智慧，满足全球消费者的个性化需求。海尔一直坚持“世界就是我的研发部”的理念，利用全球的资源为用户提供最佳解决方案。海尔搭建起开放创新平台HOPE，致力于打造全球最大的创新生态系统和全流程创新交互社区。全球用户的潜在消费需求被发现后，会迅速在HOPE平台上集中，并实时与在德国纽伦堡、美国埃文斯维尔等地十大研发中心所连接的顶级资源零距离交互，最终筛选出切实可行的解决方案。在海尔的研发体系中，用户可以随时随地参与到创新过程中，从产品创意的产生、创意的确认、产品的开发、全球一流资源的整合到产品上市，整个过程都是对用户开放的。换句话说，用户不喜爱的产品根本没有面市的机会。
    这种集合全球创新智慧的“全球智造”产品赢得了世界各国用户的青睐：去年，海尔冰箱在澳大利亚市场上的销量同比增长3倍，在印度、日本、法国、德国等市场，海尔产品的销量皆呈几何级数增长。
    “全球智造”还代表海尔开创的“人单合一”双赢模式领先全球。“人”即员工，“单”不是狭义的订单，而是用户资源。
    “海尔‘全球智造’的目标是加快‘人单合一’模式的全球化，从全球市场层面的全覆盖迭代为全球用户社群层级的全覆盖。”青岛海尔董事长、总经理梁海山说。
    “用品质打造口碑”
    本报记者 王轶辰
    早在2010年，一首名为《我爱宇通车》的歌曲就在古巴传唱开来。不仅如此，宇通的名字还登上了古巴著名乐队“机密人士”的专辑封面，甚至连古巴革命领袖菲德尔・卡斯特罗也对宇通客车车型的具体参数了如指掌。得益于长期不懈地耕耘，宇通这个来自大洋另一端的中国品牌已经深深地刻在了古巴人民的心上。
    统计显示，目前，古巴市场上的宇通客车保有量达4497台，车型覆盖城市公交车、长途客运车、劳工车、学校用车、旅游车等多个领域，占古巴进口客车市场的90%以上；宇通客车已远销世界130多个国家和地区，在欧洲等高端市场上的销量连年攀升；2016年，宇通大中型客车销售量超7万台，占全球销量的15%左右，连续6年稳居全球第一。
    在宇通集团董事长汤玉祥看来，品牌是宇通取得今天这样成绩的关键。“用诚意换来用户的满意度，用品质打造中国制造的口碑，这是宇通打开海外市场的一把利器。开拓海外市场不能局限于眼前利益，不能打‘游击战’要打‘阵地战’，不能只关注市场更要树立品牌。”汤玉祥说。
    宇通认为，从产品出海转变为品牌出海要注意三个方面：第一是“谋定而后动”，即在进军不同国家的市场前要做好充分的调研，结合各国不同的国情、需求差异有针对性地制定策略；第二是“兵马未动、粮草先行”，在产品出海之前要先行做好配件供应等服务保障工作，没有服务保障的订单宁愿不接；第三是要转变观念，即不做“狩猎者”，要做“耕田者”。只有将海外市场当做企业赖以生存的土壤认真播种、精心培育，才能实现最大的收获，也即海外知名度的稳步提升。
    当然，宇通品牌的建立离不开技术创新的支撑。在去年全国两会期间，首款自主品牌高端公商务用车――宇通T7成为“运输担当”，一举打破国内高端公商务用车服务被外资、合资品牌垄断的被动局面。
    有了可靠的高端产品，宇通客车“走出去”的步伐也更加矫健。英国、法国、以色列、新加坡、澳大利亚……这是2016年宇通客车勾画的发达国家出口地图。经过长期的战略布局，宇通不仅取得了欧盟WVTA整车认证，品牌出海工作也进入快车道。
    宇通客车海外市场部副部长常浩透露说，截至目前，宇通客车在欧洲、美洲、澳大利亚等发达国家共计销售5800余辆，以每台均价20万欧元价格计算，折合人民币约84亿元。“未来，宇通在发达国家市场的工作重点是，在确保销售数据继续上涨的同时，更加重视中国品牌的认同感，把中国客车标准做成世界客车标准。”常浩说。",媒体新闻,3987906629703336820_0_710,植根中华大地 阔步走向世界,中国软件,0
"“谢谢关心、支持和一如既往帮助我的朋友们！我女儿终于毕业啦！”这是2017年5月6日23点43分，隆基集团董事局主席、总裁、中国科教网专家团ppp项目专家组组长、西安外事学院创业学院院长李瑞斌教授在美国波士顿发布的微信朋友圈内容。
    在过去的9年里，美国东北大学在USNews  World Report各项大学排行榜单中均取得了突破性的飞跃。东北大学2017年全美高校综合排名#39，东北大学下设有9所学院，提供众多的本科、硕士及博士专业供学生选择。
    此外，美国东北大学在华盛顿州的西雅图及北卡罗来纳州的夏洛特均设有研究生校区，提供硕士以上的高级学位课程。 US News  World Report将东北大学评选为全美“most innovative”综合大学排行榜第6名。据了解，中国软件银行集团（软银）董事长孙正义就毕业于东北大学。
    据李瑞斌介绍：美国国务卿在5月6日在Northeastern University发表了祝贺演讲，内容节选如下：
    Now, graduating class, I got to tell you, you really do look spectacular. I want you to ―― I mean, just look around you. Classmates of every race, religion, gender, shape, size C 85 countries represented and dozens of languages spoken. You are the most diverse class in Northeastern’s history C in other words, you are Donald Trump’s worst nightmare. Now, you may not know it, but there is at least one thing that truly unites you: You’re all going to be in really big trouble if you forget that Sunday is Mother’s Day.
    毕业生们，我现在告诉你们，你们看上去很棒。我的意思是，看看你的周围，同学们的种族、信仰、性别、外貌、体型各异――来自85个国家，讲数十种语言。你们是Northeastern University历史上最多元化的一届――换句话说，你们是川普的噩梦。你们可能没意识到，有一件事将你们紧密联系到一起：如果忘了周日是母亲节，你们就有大麻烦了。
    在谈到在美参加东北大学毕业典礼的感受时，李瑞斌说：在世界的教育中心，能参加一次毕业盛典也是中国人的荣耀。我在国内做过两次毕业典礼主讲嘉宾，其中一次是《青岛理工是我们的基础，我们作青岛理工的栋梁》演讲，效果还是不错的。我们要好好反思中国的教育管理体制和教育产业，钱别让美国都赚去啦。
    谈到女儿获得美国东北大学优秀毕业生的心情如何描述时，李瑞斌先生引用了夫人的一段感言：今天女儿大学毕业了，见证她领到毕业证的那一刻，我有些激动，眼晴也不自觉湿润。想起了自己大学毕业的那一刻，没有这么盛大隆重的典礼，没有校长老师的讲话，没有家人朋友专场观礼，只有等待分配忐忑不安的心情，记得那天大雨滂沱，我拿到了分配通知，西钢子弟回西钢，国营大企业员工每月工资67元。时隔28年我在美国波士顿见证了女儿大学毕业，真是感慨万千。感谢改革开放，感谢家人努力，感谢朋友相助，感谢孩子的付出，孩子带给我们的比我们给予的要多。而今天对于她来说，毕业仅仅是学业的一段小结，生活才真正的开始……
    李瑞斌说：“孩子是一个家庭最大的成果，无法用财富衡量。老吾老以及人之老，幼吾幼以及人之幼，希望我的朋友们都能为祖国和社会培养出栋梁之才！孩子上学和工作有问题可以找我。”
    5月7日，李瑞斌先生应邀赴哈佛大学访问，参加全球商业领袖交流会后表示：隆基集团将投资好莱坞电影学院，想跟投的，想从影的朋友可以关注。
    又讯，中国科教网专家团团长、广东省科技企业上市专家团团长严济荣教授近日来陕访问透露，他的儿子本科机械毕业后，留美学工程管理硕士毕业，已有3年多工作经历，正筹备创办一家供应链的公司或科技公司，这个公司将带着上市公司基因诞生。热烈欢迎各界朋友磋商，一是西安有好的科技企业要去广东开子公司的，二是西安有好的科技项目要去广东转化落地的，三是西安有性价比好的产品要去广东销的，都可以与科教网联络。
    严济荣教授希望：下次到陕，能与李瑞斌先生深度交流，共谋发展，期待在国际舞台上秀出中国风。（李伟伟 成媛媛）",媒体新闻,7470026238123073080_0_589441,隆基集团总裁李瑞斌访美参加女儿毕业庆典及哈佛商业领袖交流会,中国软件,0
"数字化转型、开放式创新、技术与业务深度融合是新时期软件产业发展的重要特点。顺应时代变革，华为将携手合作伙伴，帮助客户迎战云时代，通过软件开发云向软件企业和软件开发团队提供智能化软件研发管理平台，以云的方式传承华为20多年积累的软件工程能力和优秀实践，不断提升软件企业核心竞争力，加速推进中国软件产业的转型升级。
    “风口”处加速转型
    当前，国家正持续推进供给侧改革，指出须用“创新、协调、绿色、开放、共享”五大发展理念来引领供给侧改革。以南京、成都、杭州、北京、上海、武汉、大连、青岛等城市为代表的软件产业重镇一直高度重视加快当地软件和信息技术服务业发展，并制定了系列软件产业发展政策促进城市经济“换挡提速”。
    2016年11月，青岛高新区与华为正式达成战略合作，双方将合作共建华为企业云青岛基地，这是青岛市与华为深化战略合作的重要举措。
    该基地将依托华为领先的云计算与大数据技术，建设区域公共云计算服务平台，以软件开发云为依托，联合华为相关领域合作伙伴，构建云计算、软件研发、软件培训、软件外包等软件与信息产业生态，提升青岛市云服务水平。
    未来，青岛基地将成为青岛及胶东区域的科技服务支撑中心、技术创新区域中心、智能制造支撑中心、信息消费中心和蓝色经济支撑中心，通过搭建云计算产业生态链，加速推动青岛产业结构实现转型升级。
    软件开发云端变革
    软件产业转型迫在眉睫。软件开发过程目前也被搬上云端，从受限于开发环境、地点到现在开发者可轻资产运行，基于云端进行开发，无痛协作、专注创新，软件开发云的需求急剧攀升。但解决传统开发模式遇到的一系列问题，向DevOps、敏捷、精益等软件模式转型，提升企业IT部门的总体运作效率，快速响应用户需求，提升竞争力，成为当前大多数企业最为迫切的需求。
    但DevOps虽好，落地并不容易，尤其离不开相应工具平台的支撑。目前，网上DevOps工具很多，但大多分散单一，缺乏统一的一站式解决方案。由于大型企业往往都有自己的工具研发部门，专门提供DevOps工具。因此，对大多数中小企业而言，它们对轻量化、服务化、社交化、智能化的一站式开发平台的需求更为迫切。
    目前，云厂商已经开始提供相关工具集，以AWS开发工具集、华为软件开发云（DevCloud）、微软VSTS、IBM Bluemix、百度效率云等为代表的一系列平台也为企业践行DevOps开发模式提供了更多选择。例如华为软件开发云，它是一款轻量级DevOps工具，面向中小企业、初创公司、个人开发者提供包括项目管理、配置管理、代码检查、编译构建、测试、部署、发布等端到端地覆盖软件生命周期的相关服务，采用按需计费。
    这一新型软件生产工具与平台因为着力构建生产配套、产业协同、共生共荣的产业生态系统，正成为软件产业提质增效的重要基础和方式。
    传递核心优势及能力
    面对软件产业转型升级的挑战，华为推出了集优秀研发实践、领先研发理念及先进研发工具为一体的软件开发云平台。
    软件开发云是华为企业云面向软件开发团队提供的智能化软件研发管理平台，承载先进的研发模式和方法，为软件企业及软件开发者提供端到端的研发工具服务，可以适用于各种主流软件开发应用场景。
    对于软件开发云在企业云的定位，华为企业云业务部总裁杨瑞凯表示，在2015年企业云的发布会上，华为定义了企业云的业务边界，就是聚焦IaaS层基础设施服务，聚合SaaS层的生态服务，更好地服务于客户。现在，中国的云发展还属于初级阶段。在此背景下，为了更好地服务于合作伙伴和客户，华为在提供IaaS层服务的同时也会在PaaS层上提供更多的能力，而华为软件开发云正是在PaaS层提供能力。未来，华为会和合作伙伴一起构建PaaS能力。
    具体来说，华为软件开发云即一个面向开发者提供的公有云服务，是华为企业云面向软件开发团队提供的智能化软件研发管理平台，它面向开发者提供的云服务，即开即用，开发者可随时随地在云上进行项目管理、配置管理、代码检查、编译构建、测试、部署和发布等操作。
    目前，在华为软件开发云生态建设方面，华为正与多家企业、高校等单位，共同构建生态体系，引入业界最前沿、最先进的理念和工具运用于软件业务。“中国软件产业正处于一个快速发展时期，华为希望通过多年的实践和软件产业发展相结合，将华为的软件开发运营经验和能力服务于软件企业和开发者，进而推动软件产业快速发展。”杨瑞凯表示。",媒体新闻,14367643585756547479_0_678,云智软件 众享未来,中国软件,0
" 挖贝网讯5月8日消息，博为峰（836392）近日公布的2016年年度报告显示，2016年营业收入为1.47亿元，较上年同期增长80.77%；归属于挂牌公司股东的净利润为832.61万元，较上年同期增长65.59%；基本每股收益为0.42元，上年同期为0.27元。
    截止2016年，博为峰资产总计为6637.14万元，较上年期末增长57.05%。资产负债率为53.75%，较上年期末47.07%，增长6.68个百分点。经营活动产生的现金流量净额本期为2001.90万元，上年同期为317.61万元。
    报告期内，博为峰营业外收入为109.24万元，同比增长了345.85%，其中本期股改政府补贴60万元到位，以及子公司北京服务业专项促进基金项目的首期政府拨款25万元到位，以及约14万元自研产品销售获得的政府退税收入。
    报告期内，博为峰营业外支出为2.52万元，同比降低了79.79%，其中由于网站上弹窗广告未显著标明关闭标志，确保一键关闭，导致行政处罚2万元，其他为资产清理净损失等支出。
    据挖贝新三板研究院资料显示，博为峰是一家全产业链软件测试服务供应商，运营中国软件测试门户网站51Testing软件测试网，提供从软件测试产品研发及销售、软件测试人才培养到软件测试外包、软件评测、测试咨询等一系列软件测试服务。
    报告期内部分重要事项：
    来源链接：http://www.neeq.com.cn/DISclosure/2017/2017-04-27/1493288630_503095.pdf
",媒体新闻,14260354317934128745_0_588764,博为峰2016年营收1.47亿元 同比增长81%,中国软件,0
"全景网5月5日讯  雄安新区作为“国家大事、千年大计”，上市公司在河北的一举一动都备受瞩目，投资者很容易将其与雄安联想到一起。近日超图集团承办“2017地理信息技术创新研讨会”，就被投资者认为可能是为了能在河北地区乃至雄安新区拿到更多的业务，那么这种说法是否属实呢？
    超图集团承办“2017地理信息技术创新研讨会”是为了能在河北地区乃至雄安新区拿到更多的业务？
    超图软件(300036)：地理信息技术创新研讨会旨在搭建地理信息技术创新的交流平台，分享地理信息建设的创新技术成果。
    问：超图集团承办“2017地理信息技术创新研讨会”将于2017年5月9日在石家庄万达洲际酒店隆重召开，公司花了这么大财力、精力去承办由中国软件行业协会、中国地理信息产业协会、中国测绘地理信息学会指导，河北省地理信息产业协会、河北省测绘学会、中国地理信息产业协会云计算与物联网工作委员会主办目的是在，是为了能在河北地区乃至雄安新区拿到更多的业务吗？
    答：公司今年分别在哈尔滨和呼和浩特举办了地理信息技术创新研讨会，并将在5月9日召开石家庄站的研讨会。地理信息技术创新研讨会旨在搭建地理信息技术创新的交流平台，分享地理信息建设的创新技术成果。
    力源信息暂缓外延并购扩张？
    力源信息(300184)：不属实。
    问：最近有报道称：公司暂缓外延并购扩张，请解释原因？
    答：坚持外延并购扩张，并以外延获得内生的协同持续增长是公司长期战略部署，不会有变化，今年的工作除了发挥协同效应、整合资源、促进内生增长外，持续调研、寻找、发掘出能与力源产生资源整合效益的新标的也依然会是工作重点之一。
    海宁皮城大健康产业搁置？
    海宁皮城(002344)：大健康产业会继续不断推进。
    问：看了全景网你公司的业绩说明会，公司今后的主要方向是提升各租赁市场，大健康产业是否就搁置了？
    答：大健康产业会继续不断推进，营业执照经营范围增加正是基于此，而各地市场经营情况您可查看年报中关于子公司的披露内容。
    四维图新特色地图产品将会免费？
    四维图新（002405）：目前三维和ADAS等新产品还是能保持不错的效益。 
    问：都传言今后车厂的地图会免费，各大会议上见到四维近期不少特色地图产品面世，三维、境外地图等等这些也都会免费吗？
    答：在新的商业模式清晰之前，传言就只会是传言。价格压力一直都在，不光是地图和软件，硬件甚至汽车本身都面临共享经济的挑战。目前我们的三维和ADAS等新产品还是能保持不错的效益。 
    海宁皮城康复医院已开业？
    海宁皮城(002344)：海宁康复医院门诊部已对外营业。
    问：据传康复医院已开业！请问康复医院开业会公告吗？
    答：海宁康复医院门诊部已对外营业，目前未有需公告事项。
    大宇精雕3D玻璃热弯机使用的数控产品是华中数控的？
    华中数控(300161)：不是。
    问：2000台CNC大单还有后续外，大宇精雕3D玻璃热弯机也正式出货，请问数控用的是公司的吗？
    答：不是。
    二三四五贷款王已经停止放贷？
    二三四五(002195)：“2345贷款王”金融科技平台运营正常。
    问：二三四五贷款王已经停止放贷了吗？
    答：目前“2345贷款王”金融科技平台运营正常，具体贷款发放情况请以APP审核后的放款结果为准。公司将继续做好经营管理工作，以满足不断增长的用户需求。 
    海普瑞心脑血管新药RVX208试验进展如何？
    海普瑞(002399)：具体研发进展请关注Reservlogix（加拿大的上市公司）的公告。
    问：RVX208有两百多名试验者在中国区试验,作为公司重大投资,这件事进展公司从来没公告,年报也没披露。是不是不应该?啥时候开始的?现在进展如何?预计何时结束?能在此说一下吗?
    答：公司持有RVX208的研发公司Reservlogix的少数股权，产品在全球市场的临床开发由Reservlogix负责开展，具体研发进展请关注Reservlogix（加拿大的上市公司）的公告",媒体新闻,15743605688524425790_0_590066,[传闻求证]超图集团在河北承办“2017地理信息技术创新研讨会”是为了拿到业务？,中国软件,0
"（原标题：普惠家通过等保三级测评，安全管控获权威认证）
    你关注的网贷平台技术安全吗?据不完全统计，多数用户在选择网贷平台时，重点考量的是平台的实力背景、运营状况，对平台网络技术安全性的重视度不够。在互联网信息技术飞速发展的时代，信息系统安全的重要性提升到了新的高度。近日，普惠家顺利通过国家信息安全等级保护三级认证，成为业内率先通过“等保三级”的平台之一。
    普惠家信息安全等级与四大行处于同一水平
    信息系统安全等级保护，是指对国家安全、法人和其他组织及公民的专有信息以及公开信息和存储、传输、处理这些信息的信息系统分等级实行安全保护。根据公安部、国家保密局、国家密码管理局、国务院信息化工作办公室制定的《信息安全等级保护管理办法》，信息系统的安全保护等级分为五级，等级越高，安全保护能力就越强。目前大多数互联网金融平台获得的以第二级认证为主，普惠家作为专业的网贷信息中介平台，十分注重平台系统的安全与自主研发建设，通过了中国软件测评中心第三级等级测评认证。据了解，国有四大银行的信息系统安全也处于同一评级。
    强大的技术优势是认证顺利通过的基石。上线运营一年多以来，普惠家平台的服务开发、系统升级、运维管理等，以先进的技术设备基础，搭载专业的技术团队，构建业内具有代表性的大数据风控体系。经过中国软件测评中心的权威认证，普惠家平台在网络安全、主机安全、电子数据信息安全、系统建设管理等多个方面达到了国家要求，在信息安全保障等方面具备较高水准。
    拥抱监管，合规前行，普惠家严守用户信息安全
    根据2016年8月监管部门下发《网络借贷信息中介机构业务活动管理暂行办法》的要求，网络借贷信息中介机构应按照国家网络安全相关规定和国家信息安全等级保护制度的要求，开展信息系统定级备案和等级测试，以保护出借人与借款人的信息安全。普惠家积极响应监管要求，开展平台信息系统定级备案和等级测试。过硬的运维能力和扎实的技术基础，为普惠家42万多平台用户交易提供安全保障。
    普惠家深知风控和技术保障的重要性，强调技术安全是平台运营及健康发展的基础。作为网络借贷信息中介平台，普惠家平台的技术安全水平在信息安全、系统管理、应急保障等方面均达到国家信息安全等级三级标准，普惠家技术团队自主研发的网络信息安全体系得到了权威机构的认可。
",媒体新闻,4956797529073319865_0_75941,普惠家通过等保三级测评，安全管控获权威认证,中国软件,0
"中国企业在云计算出海上展现出了“中国速度”。腾讯云近日宣布，今年年内将新增5大数据中心，并计划扩建美国硅谷和香港数据中心，在全球的服务节点由2015年不足10个发展到目前已达29个；为了使腾讯云品牌更加国际化，其近期将域名更改成了“cloud.tencent.com”。阿里云过去两年在全球主要互联网市场建立了8个海外数据中心，初步形成了基础设施的覆盖。
    业内人士表示，中国“云”出海，有助于打造“中国智造”新名片，与中国企业出海形成相互借力，树立中国高科技产品的品牌影响力。无疑，云计算将是全球互联网市场争夺的新高地，未来全球云计算市场的争夺将在中美两国之间进行。而在腾讯云、阿里云等云服务商的差异化运营下，中国未来极有可能获得“弯道超车”的机会。
    云计算品牌全球布局见成效
    “中国速度”似乎在互联网的任何分支里都适用，中国的电商、支付、打车等都快速增长，而作为支撑这一切的源头，云计算也正在经历高速增长。在我国“一带一路”建设中，除了有能看到的基础设施，还有一条看不见的信息通路。其中，不少科技巨头通过领先的云计算与大数据服务，将“中国云”应用到“一带一路”的信息化建设中。
    阿里云副总裁喻思成近日透露，阿里云在以“一带一路”沿线国家区域为核心的海外市场获得高增长，过去一年业务规模增速超400%。
    据了解，阿里云在“一带一路”沿线，设立了中国香港、新加坡、迪拜、欧洲等地数据中心，自主研发的大规模计算操作系统飞天也一同出海，将遍布全球百万级服务器连成一台超级计算机，以在线公共服务的方式为社会提供计算能力。
    腾讯云方面也不甘示弱，其宣称，今年将新增5大数据中心，目前其在全球的服务节点达29个：这一数字和2015年相比，翻了数倍。腾讯云副总裁曾佳欣表示，腾讯云计划在2017年保持两倍以上的营收增长。尽管其并未透露来自海外部分的营收，但腾讯云在海外的营收增速高于国内。
    云服务市场高速发展
    近年来，云服务市场一直处于高速发展状态，艾瑞咨询中国云服务市场数据显示，2016年，中国云服务市场交易规模达520亿元，相比2015年，行业规模同比增长31.9%。全球市场方面，据信息技术研究和顾问公司Gartner预测，全球公有云服务市场将从2016年的2092亿美元增至2017年的2468亿美元，增幅高达18%。IDC最新预测显示，今后5年全球云计算服务支出将增长3倍，预计2020年全球将有3万亿美元的通信技术增量由云计算产生。云服务市场就如同一个美味的蛋糕，吸引着所有竞争者的目光。
    从国家层面来说，云计算成中国对外软实力，无论对于“一带一路”，还是“双创”战略，都能起到推动作用。两会期间，全国政协委员吴晶建言，中国云计算企业的国际化布局，是国家“走出去”战略的重要组成部分，应从资金、政策、人才等各方面给予支持，加强政府间政策对话机制建设，做好各国关于云计算政策风险的预警。
    另一方面，中国企业的旺盛出海需求也拉动了中国云服务商的海外拓展，而能拉动云企业自身营收增长。数据显示，有不少于100家中国软件企业跟随阿里云全球基础设施布局，出海拓展市场。大疆创新、大拿科技、UC等中国科技企业迅速获取国际市场。
    差异化竞争将成行业常态
    全球云市场竞争是一场马拉松。目前，云服务全球战争的主要玩家是亚马逊、微软、谷歌、IBM等海外巨头。同时，中国云出海要面对政策法规、本地化服务等不少风浪。对于中国云而言，打赢这场仗的标志是能在第一梯队进行竞争，而开放技术能力、打造云生态、服务能力都是差异化竞争的机会点。
    未来，海外云服务市场的竞争将更加激烈，业内人士表示，中国云计算企业能否真正在海外市场有所建树，就看它们能否将自己的优势完全发挥出来。叶  菁
",媒体新闻,16988638985667992537_0_442,云计算出海现“中国速度”,中国软件,0
"5月4日，正值五四青年节，铜板街金融科技集团创始人、董事长兼CEO何俊受邀参与共青团浙江省委组织的“听党话、跟党走、青春喜迎十九大”纪念建团九十五周年主题团日活动。活动上，浙江省委书记车俊为此前评选公布的12名新锐浙商颁奖，铜板街CEO何俊凭借其在金融科技领域的创新实践和杰出表现，获颁“2016年度新锐浙商”。
     
     
    浙江省委书记车俊（前排左三）为铜板街CEO何俊（后排左6）等新锐浙商及社会各界优秀青年代表颁奖后合影。
    此次活动在杭州第二中学举行，浙江省委书记车俊在讲话中表示，青年兴则国家兴，青年强则国家强，为实现中华民族伟大复兴的中国梦而奋斗，是中国青年运动的时代主题，也是当代青年肩负的历史使命。他勉励广大青年，要立大志、善学习、当先锋、肯实干、常修德，在学习和实践中努力做到“秉持浙江精神，干在实处、走在前列、勇立潮头”。
    据悉，新锐浙商评选活动在共青团浙江省委、省经信委、省工商行政管理局、省商务厅、省科技厅、省社科院联合指导下，由省青年企业家协会、青年时报社、新华社新闻信息中心、浙江在线、网易浙江共同主办，至今已经成功举办七届。本次评选共入围候选人34名，最后评选产生的12名新锐浙商，涵盖了金融科技、农业、生物医药、创投等多个领域。
    本次获选的铜板街CEO何俊是一位“八零后”青年创业者，在阿里巴巴、支付宝工作了8年之后，何俊看到了互联网理财的机遇，于2012年9月创办铜板街，致力于通过金融科技升级财富管理服务，让钱变得更有价值。截至2017年4月底，铜板街理财注册用户达到1200万，累计交易金融突破1900亿，资产端累计服务了接近11万家小微企业。
     
    “梦想要坚持，方法要顺势！青春就是毫无保留地去追逐，但实现目标也要讲究方法。”回顾自己的创业历程，何俊表示，过去四年多来，铜板街在摸索中把很多看起来不可能的事情做成了。这次获奖对自身、企业，甚至对浙江的金融科技行业来说都是一种认可，使他更坚定了服务小微群体的信念。
    在何俊看来，铜板街能在浙江立足并走到今天是幸运的。一方面，良好的政策环境和创业氛围为浙江新金融的大力发展提供了良好的土壤；另一方面，众多的小微企业为浙江新金融的发展提供了广阔的潜在市场和资源优势。更重要的是，铜板街有一支不惧失败、不断成长的年轻队伍。基于这样的内外因素，促使铜板街能把规模快速做到行业前三。
    在带领团队开辟差异化发展道路的同时，何俊也特别重视平台的风险管理和合规建设。目前，铜板街基于自身平台属性，运用大数据技术和风险配置模型手段，建立了一套智能风险管理系统。还在去年加入了中国互联网金融协会，成为央行旗下互联网金融风险信息共享系统和工信部旗下国家互联网金融风险分析技术平台的首批接入企业。
    铜板街的健康发展相继得到各级政府和业界的肯定。2016年4月，铜板街入选B20金融促增长组成员参与议题会议，为G20杭州峰会建言献策；11月，铜板街作为唯一一家金融科技企业，获得中国软件行业协会最高的AAA信用评级；12月，通过杭州市科技局、浙江省科技厅、国家科技部的层层评审，获得“浙江省2016年第一批高新技术企业”资格认定。
    获选“2016年度新锐浙商”之后，何俊表示，作为一家本土的金融科技企业，未来铜板街将继续依托自身的科技优势，不断升级智能财富管理服务，与金融机构一道，努力构建、完善新的金融生态圈，为钱塘江新金融高地建设贡献力量。",媒体新闻,12432039626111868997_0_578336,受邀参加团省委青年节活动 铜板街CEO何俊获颁“2016年度新锐浙商”,中国软件,0
" 中国企业在云计算出海上展现出了“中国速度”。腾讯云近日宣布今年年内将新增5大数据中心，并计划扩建美国硅谷和香港数据中心，在全球的服务节点由2015年不足十个发展到目前已达29个；据悉，为了使腾讯云品牌更加国际化，其近期将域名更改成了“cloud.tencent.com”。阿里云过去两年在全球主要互联网市场建立了8个海外数据中心，初步形成了基础设施的覆盖。
    全国政协委员吴晶曾表示，中国“云”出海，有助于打造“中国智造”新名片，与中国企业出海形成相互借力，树立中国高科技产品的品牌影响力。无疑，云计算将是全球互联网市场争夺的新高地，未来全球云计算市场的争夺将在中美两国之间进行。而在腾讯云、阿里云等云服务商的差异化运营下，中国未来极有可能获得“弯道超车”的机会。
    中国云计算品牌全球布局见成效
    “中国速度”似乎在互联网的任何分支里都适用，中国的电商、支付、打车等都以欧美无法理解的速度快速增长，而作为支撑这一切的源头，云计算也正在经历高速增长。在我国“一带一路”建设中，除了有能看到的基础设施，还有一条看不见的信息通路。其中，不少科技巨头通过领先的云计算与大数据服务，将“中国云”应用到一带一路的信息化建设中。
    阿里云副总裁喻思成近日透露，阿里云在以“一带一路”沿线国家区域为核心的海外市场获得高增长，过去一年业务规模增速超400%。
    据了解，阿里云在“一带一路”沿线，设立了中国香港、新加坡、迪拜、欧洲等地数据中心，自主研发的大规模计算操作系统飞天也一同出海，将遍布全球百万级服务器连成一台超级计算机，以在线公共服务的方式为社会提供计算能力。
    腾讯云方面也不甘示弱，其宣称今年将新增5大数据中心，目前其在全球的服务节点达29个：这一数字和2015年相比，翻了数倍。腾讯云副总裁曾佳欣表示，腾讯云计划在2017年保持两倍以上的营收增长。尽管其并未透露来自海外部分的营收，但腾讯云在海外的营收增速高于国内。
    云服务成中国对外软实力
    近年来，云服务市场一直处于高速发展状态，根据艾瑞咨询中国云服务市场数据显示，2016年中国云服务市场交易规模达520亿元，相比2015年，行业规模同比增长31.9%。全球市场方面，据信息技术研究和顾问公司Gartner预测，全球公有云服务市场将从2016年的2092亿美元增至2017年的2468亿美元，增幅高达18%。IDC最新预测显示，今后5年全球云计算服务支出将增长3倍，预计2020年全球将有3万亿美元的通信技术增量由云计算产生。云服务市场就如同一个美味的蛋糕，吸引着所有竞争者的目光。
    从国家层面来说，云计算成中国对外软实力，无论对于“一带一路”，还是“双创”战略，都能起到推动作用。两会期间，全国政协委员吴晶建言，中国云计算企业的国际化布局，是国家“走出去”战略重要组成部分，应从资金、政策、人才等各方面给予支持，加强政府间政策对话机制建设，做好各国关于云计算政策风险的预警。
    另一方面，中国企业的旺盛出海需求也拉动了中国云服务商的海外拓展，而能拉动云企业自身营收增长。数据显示，有不少于100家中国软件企业跟随阿里云全球基础设施布局，出海拓展市场。大疆创新、大拿科技、UC等中国科技企业迅速获取国际市场。
    差异化竞争将成云服务行业常态
    全球云市场竞争是一场马拉松。目前，云服务全球战争的主要玩家是亚马逊、微软、谷歌、IBM等海外巨头。同时，中国云“出海”要面对政策法规、本地化服务等不少风浪。对于中国云而言，打赢这场仗的标志是能在第一梯队进行竞争，而开放技术能力、打造云生态、服务能力都是差异化竞争的机会点。
    未来海外云服务市场的竞争将更加激烈，中国云计算企业能否真正在海外市场有所建树，就看它们能否将自己的优势完全发挥出来。如果真的能，那么中国云计算的未来将不可估量。",媒体新闻,10505513967284036196_0_490738,云计算出海现中国速度 借差异化跻身全球第一梯队,中国软件,0
