"　　兄弟科技(行情002562,诊股)董事、高级管理人员李健平（持有公司0.41%的股份）计划在减持计划预披露公告发布之日起15个交易日后的6个月内（窗口期不减持），以集中竞价方式减持公司股份不超过550，000股（占总股本比例为0.10%）。 ",媒体新闻,6894441745985231340_0_55423,兄弟科技：董事高管拟减持至多55万股,兄弟科技,1
"<IMAGE SRC=""http://hqpick.eastmoney.com/k/3004012.png"" >
<IMAGE SRC=""http://hqpick.eastmoney.com/k/0025622.png"" >
　　维生素行业经过多年产业整合，大部分产品形成少数公司拥有高额市场份额。提价潮下，A股维生素行业上市公司上半年业绩全线报喜。
　　最大的维生素K3生产企业兄弟科技(002562)，7月31日披露2017年半年报。公司已经连续第三年保持净利润100%以上的增长，增长的主要原因是受环保影响，主力品种的利润空间持续提升，上半年公司维生素产品收入4.94亿元，同比增长37.11%。
　　总体而言，2017年上半年兄弟科技实现营收6.54亿元，同比增长28.6%；净利1.54亿元，同比增长129.4%。公司预计今年1到9月业绩区间为2.4亿元~2.7亿元，增幅达50%~180%。
　　兄弟科技2015年开始引入维生素B5的生产线，预计年内会有至少几百吨的维生素B5产能释放，促进公司业绩进一步增长，成为业绩增长的新增驱动力。8月1日，兄弟科技继续强势上涨，成为板块龙头，早盘一度逼近涨停，不过随后出现回调，收盘上涨3.51%。
　　另外多家已披露上半年业绩预告的维生素企业“清一色”报喜。东北制药、金威达、花园生物预增，新和成和亿帆医药略增。其中东北制药7月14日晚间公告，预计公司上半年实现净利润3800万元到4100万元，比上年同期增长1106%~1201%，上年同期盈利315万元。业绩增幅高居行业之首。
　　与上年同期对比，东北制药主导产品维生素C价格上涨，同时长单销量较一季度有所减少；另外，受环保等因素影响，化工原料、动力用煤、包材等市场价格上涨明显，导致成本增加。
　　此外，花园生物也预告上半年业绩大幅增长。7月7日晚，花园生物披露，预计上半年净利润7300万元到7700万元，同比增364.10%到389.53%。主要是因为公司首发募投项目产品胆固醇及25-羟基维生素D3原产销量大幅增加。
　　配合涨价潮业绩大涨的维生素公司，二级市场同样表现出色。7月31日维生素板块大涨4.42%。其中板块内超过半数个股涨幅超过5%。事实上，维生素板块的强劲行情已经持续多日。据统计，近10个交易日维生素概念指数涨幅超过10%。
　　兄弟科技7月以来股价涨幅逾15.6%，而花园生物7月以来涨幅也有8.56%。
　　回顾今年维生素上涨行情，六月份以来，部分维生素价格强势上涨，维生素D3较年初提价520%，维生素C/K3/B1/B6/B5也不同程度提价。维生素A在经历了持续的大幅调整后，6月开始底部反弹。目前，部分产品价格停报，价格上涨潜力较大。厂家停报的维生素有：VA、B12、B2、B1、B6、叶酸、生物素，价格上涨潜力较大。
　　从2016年开始，环保压力加大。国务院发布了《关于印发水污染防治行动计划的通知》，要求2017年底前，制药行业，主要包括抗生素和维生素，实施绿色酶法生产技术改造，目前已经进入最后阶段。
　　招商证券认为，维生素行业经过了多年产业整合后，大部分产品形成了少数公司拥有大部分市场份额，竞争格局较好。而下游的饲料行业又较为分散，使得维生素企业议价能力较强。同时，大部分品种技术壁垒较高，在当前环保压力较大的情况下，新增产能有限。而在2014到2015年价格较低的背景下，部分小企业逐步出清，产业集中度进一步提升。
　　近期，部分产能装置进入高温检修，导致供给出现短缺。维生素后续仍有提价可能，由于维生素价格弹性普遍较大，一旦开始提价，未来仍有涨价空间。
(原标题：维生素公司全线报喜 兄弟科技成领涨龙头)",媒体新闻,13750722006141473010_0_584796,维生素公司全线报喜 兄弟科技成领涨龙头,兄弟科技,1
"　　事件：
　　兄弟科技发布2017年中报：实现营业收入6.54亿元，YoY+29%，归母净利润1.54亿元，YoY+129%，EPS0.29元，符合业绩预告指引。其中，第2季度单季实现营业收入3.68亿元，YoY+52%，QoQ+29%，归母净利润0.89亿元，YoY+161%，QoQ+36%。
　　公司预计2017年前3季度归母净利润区间为2.43~2.72亿元，YoY+150%~180%。
　　观点：
　　维生素产品仍具涨价空间。2017年上半年公司维生素业务实现营业收入4.94亿元，YoY+37%，毛利率提升24ppt至58%。
　　VB1寡头垄断+新增产能有限，价格持续上行。1H2017均价上涨18%至372元/公斤；2017年年初至今累计上涨7%至380元/公斤。国内VB1产品供应寡头垄断，江西天新、华中药业、兄弟科技三家公司市场份额合计约85%。国内VB1行业新增产能有限，寡头之间具有涨价默契，下游需求稳定，我们预期VB1产品价格有望持续上涨。
　　VB3价格底部回升，受益原料供应缩减。1H2017均价上涨70%至67元/公斤；2017年年初至今累计上涨25%至69元/公斤。国内百草枯水剂自2016年7月1日起正式禁用，导致原料吡啶需求量下降，与其联产的3甲基吡啶及副产物3氰基吡啶供应量随之下滑。3氰基吡啶是VB3的主要原材料，3甲基吡啶和3氰基吡啶的供不应求支撑VB3价格底部回升。公司新建的1.3万吨VB3产能有望于2017年2季度释放，并自供原料3氰基吡啶，盈利能力将显著提升。
　　VK3受益原料铬矿和红矾钠涨价。1H2017均价上涨165%至128元/公斤；2017年年初至今累计上涨24%至140元/公斤。主要原材料铬矿、红矾钠在此期间价格持续上行，推动VK3价格攀升。
　　江西基地建设稳步推进，年内一期项目有望正式投产，产能逐步释放。
　　江西基地一期项目年产1.3万吨VB3和5000吨VB5及各自配套原料项目处于调试阶段，预计今年下半年正式投产。受环保严查影响，近期VB5价格暴涨，年初至今累计上涨72%至500元/公斤，公司VB5具备技术、环保及原料优势，预计投产后有望显著贡献业绩增量。
　　江西基地二期3个项目按计划推进。公司拟公开发行可转债募集资金7亿元用于建设年产1万吨苯二酚及1.5万吨苯二酚衍生物项目，建设期1.5年，预计项目达产后可实现年均营收7.14亿元、净利润0.91亿元，投资回报率16.9%。此外，年产1000吨碘造影剂及其中间体建设项目也在推荐
　　皮革化学品保持稳定。2017年上半年公司皮革化学品业务实现营业收入1.30亿元，YoY+0.2%，毛利率下滑6ppt至13%。预计该业务未来将保持平稳发展态势。
　　结论：
　　我们预计公司2017~2019年净利润分别为3.91亿元、5.60亿元、7.01亿元，EPS分别为0.72元、1.03元、1.29元。目前股价对应P/E分别为21倍、15倍、12倍。维持“强烈推荐”评级。
　　风险提示：
　　产品价格下滑；项目建设进度不及预期；新业务市场推广不及预期。",媒体新闻,8855332688648605010_0_590318,财报点评：维生素涨价潮持续,兄弟科技,1
"　　事件：公司发布半年报，2017年上半年实现营业收入6.54亿元，同比增长28.61%，归属于上市公司股东的净利润1.54亿元，同比增长129.42%，经营活动产生的现金流量净额1.49亿元，同比增长170.78%，EPS0.29元。公司预计2017年前三季度归属于上市公司股东的净利润2.43亿元-2.72亿元，同比增长150%-180%。
　　公司是维生素龙头企业。公司主要从事维生素和皮革化学品等精细化工品的研发生产和销售。其中，维生素产品包括维生素B1、B3、K3和维生素B5系列产品，主要用作饲料添加剂、食品添加剂、医药原料等；皮革化学品主要包括铬鞣剂和皮革助剂等系列产品，广泛用于皮革、毛皮的鞣制和加工。公司新增苯二酚及其衍生物、造影剂及其中间体建设项目。其中，苯二酚及其衍生物广泛应用于食品、饲料、医药、化妆品等多个应用领域；造影剂及其中间体产品广泛应用于X射线造影检查。公司目前维生素B1、B3、K3、铬鞣剂、皮革助剂产能为3200吨、5000吨、3000吨、4.5万吨、2万吨，尚有1.3万吨维生素B3、5000吨维生素B5项目在建。
　　公司业绩的主要驱动因素是部分产品价格上涨。公司三种维生素产品的价格今年价格同比都有一定程度的上涨，根据我们跟踪的价格显示，今年上半年，烟酰胺进口价格68.86元/kg，烟酸国产价格67.34元/kg，分别同比增长74%、70%；维生素K3（MSB96%）国产价格127.82元/kg，同比增长165%；维生素B1国产价格372.44元/kg，同比增长18%。
　　兄弟医药项目建设进展顺利。为了进一步丰富公司产品结构、完善产品产业链，公司成立了江西兄弟医药有限公司，2015年非公开发行的募投项目正在按计划推进，公司计划今年下半年正式投产，受调试、试生产、市场开拓等因素影响，产能将逐步释放。江西二期的三个项目（苯二酚项目、碘造影剂项目、研发中心项目）仍将按照原计划推进。
　　盈利预测与投资建议。暂不考虑可转债发行、股权激励对公司未来股本的影响，预计2017-2019年EPS分别为0.65元、0.76元、0.79元，参考申万化学原料药目前的估值水平（39倍动态市盈率）我们认为给予公司2017年28倍PE较为合适，对应股价18.20元，给予“增持”评级。
　　风险提示：兄弟医药项目进展不达预期的风险，维生素价格大幅波动的风险，下游需求下滑的风险。",媒体新闻,11362423625114335722_0_590318,2017年半年报点评：维生素价格增长，利润大增,兄弟科技,1
"　　业绩增速符合预期，业绩爆发开始，战略拓展加速推进。
　　事件：公司公布2017年半年报，报告期内，公司实现营业收入6.53亿元，比上年同期增长28.61%；实现营业利润1.87亿元，比上年同期增长80.68%；实现净利润（归属于母公司所有者的净利润1.54亿元，比上年同期增长129.42%。同时公司发布2017年1-9月份业绩预告，预计2017年1-9月实现归母净利润2.43-2.72亿元，同比增加150.00%-180.00%。
　　投资要点
　　费用率提升难挡业绩爆发步伐，行业景气度提升，内生盈利能力强健
　　公司二季度实现营业收入3.68亿元同比增加52.06%，环比上升29.12%，实现归母净利润8826万，同比增加111.86%，环比上升34.91%。收入与利润的大幅抬升主要系公司三大维生素系列产品（维生素K3，维生素B1，维生素B3）处于历史上持续时间最久、幅度最大的提价周期，预计公司主要维生素产品的销售均价相比2016年将会有100%以上的提升。另外报告期内公司因研发费用、江西兄弟医药子公司开始运营后办公费等费用增加以及报告期内汇率变动汇兑损失增加，导致公司管理费用与财务费用同比分别抬升112.46%、208.94%。在费用大幅增加的前提下，公司业绩爆发势头不减，可见公司在行业景气度提升的大背景下内生盈利能力强健。
　　公司募投产品泛酸钙处于进入史上最大幅度提价周期，为公司提供业绩持续爆发的动力
　　近期山东省对重污染企业开展超高力度环保核查，导致部分化工产品行业供给端格局产能发生波动，价格抬升。根据WIND数据，泛酸钙价格已经从7月中旬270元/KG左右，提升至现在的500元/KG。公司泛酸钙产品设计产能5000吨，目前项目建设已经进入收尾阶段，现泛酸钙价格已经突破历史新高，公司产品投产后将加速公司收入与利润的增长。
　　实控人增持彰显对公司未来发展信心，短期具有业绩爆发性，长期兼顾成长性优质标的
　　公司实际控制人今年3月以来增持合计超过2000万股，充分体现其对公司未来发展的信心。公司自上市之后，才开始逐渐发力维生素业务，原本主营业务是皮革化工产品、维生素K3和少部分维生素B1，上市后伴随公司融资实力增强，先后对维生素K3工艺进行技改提高毛利，建设并增加了医药级维生素B1和维生素B3的产能，后续又规划建设维生素B5产能，当下即将投产。我们认为因为公司是上市之后逐步开始做维生素B1和维生素B3业务，且这两块资产分别于2015年和今年才逐渐开始盈利，所以市场对于公司的资产盈利能力认识严重不足。当下公司设立四大事业部，江西生产基地规划用地3000亩，当下用量一半不到，后续除做小品种维生素等强周期性产品的基础上，拓展香料中间体与碘造影剂等稳定现金流品种，以“帝斯曼”式发展模式，成为国内优质原料及中间体企业。
　　盈利预测及估值
　　预计公司2017-2019年实现营业收入14.65亿元、19.62亿元、24.67亿元，增速分别为37.79%、33.96%、25.68%。归属母公司净利润3.86亿、4.98亿、6.08亿元，增速分别为130.31%、29.09%、21.97%。预计2017-2019年公司EPS为0.71、0.92、1.12元/股，对应PE为21.23、16.45、13.48。",媒体新闻,2117672712504606403_0_590318,半年报点评：业绩持续爆发，募投产品泛酸钙迎接史上最强周期,兄弟科技,1
"　　事件：公司发布2017年半年报，实现营业收入6.54亿元，同比增长28.61%，归属于上市公司股东的净利润1.54亿元，同比增长129.42%，扣非净利润1.49亿元，同比增长170.78%，EPS0.29元，加权平均ROE8.39%。
　　公司预计1-9月净利润为2.43-2.72亿元，同比增长150%-180%。
　　观点：维生素持续提价，净利大幅增长。公司公司是全球维生素龙头企业，K3、B1、B3规模分别位居全球第一、前三、前四。维生素产品受环保监管影响而供应紧张，自16年开始持续涨价行情，17年上半年K3均价128元/千克，同比增长165%，B1均价372元/千克，增长18%，B3均价67元/千克，增长70%。报告期内维生素产品收入占比75.55%，毛利率高达58.04%，同比提升23.91个百分点，带动公司整体毛利率由16年同期31.03%增加至48.36%，净利率为23.63%，同比提升6.62个百分点。
　　定增项目计划下半年投产，受益近期B5价格暴涨。公司15年定增项目主要包括年产5000吨泛酸钙B5、13000吨B3，目前已在调试期，计划于下半年正式投产。B5受环保严查影响，近一个月价格由220元/千克大幅暴涨至500-600元/千克，公司B5产能具备技术与环保优势，预计顺利达产后将成为公司重要的利润增长点。
　　产业链进一步完善，未来增长有保障。公司江西二期项目包括年产20000吨苯二酚、31100吨苯二酚衍生物、1000吨碘造影剂及其中间体，尽管受再融资政策影响导致定增终止，但公司仍按原计划推进二期项目，3月通过以可转债方式募资不超过7亿元，用于苯二酚及其衍生物一期工程，目前已完成反馈意见回复工作。江西一期项目产能将逐步释放，二期项目建设期2-3年，预计公司未来三年业绩增长确定性较强。
　　盈利预测与投资建议。预计公司17-18年EPS分别为0.71元、0.96元，目前股价14.11元对应17-18年PE为20倍、15倍，考虑到B5价格暴涨对公司业绩弹性极大，且维生素产业链价格普涨行情有望再现，维持对公司的“买入”评级。
　　风险提示：江西项目投产时间不达预期的风险",媒体新闻,17964878976304196744_0_590318,净利大增129%，维生素提价有望助力业绩超预期,兄弟科技,1
"　　事件：
　　公司发布2017年半年报，上半年实现收入6.54亿，同比+28.6%；实现归母净利润1.54亿，同比+129%，综合毛利率48.36%，处于业绩预告区间内。
　　评论：
　　1、业绩同比大幅改善源自维生素系列产品价格持续上涨
　　受原材料价格上涨、供需格局改善以及环保约束等因素共同影响，维生素系列产品价格自去年底开始多点开花持续上涨，报告期内维生素B3价格上涨25.4%，K3上涨24.4%，B1上涨7.0%，B5上涨72.4%，公司综合毛利率环比继续提升1.5个百分点至48.36%，达到历史新高，其中维生素产品毛利率达到58.04%，相应的维生素收入占比也进一步提升到75.5%，K3/B1/B3每上涨1元/公斤，对应eps增厚0.01/0.01/0.03元。
　　2、B3和B5项目接近投产，原非公开发行项目稳步推进
　　公司在建的B3和B5项目目前处于调试阶段，年内有望投产，按照目前产品价格测算投产后有望进一步增厚eps；受定增新政影响，公司原计划的非公开发行方案调整为发行可转换债券，继续推进年产20,000吨苯二酚、31,100吨苯二酚衍生物建设项目，报告期内公司已经完成了可转换公司债券前期材料申报工作、第一次反馈意见回复工作。随着新项目稳步推进，公司四大事业部皮革事业部、维生素事业部、香料事业部与医药事业部有望实现齐头并进，多轮驱动下公司有望驶入增长快车道。
　　3、上调推荐评级为强烈推荐-A
　　公司是全球维生素K3最大供应商，全球前三的B1供应商，全球前四的维生素B3供应商，考虑到目前行业良好的供需格局以及原材料价格的支撑，我们看好后续产品价格持续上涨以及B3、B5新装置投产带来公司业绩的高弹性，预计公司17/18年eps0.69/0.99，目前股价对应PE20/14倍，上调评级为强烈推荐-A。
　　风险提示：维生素价格回落，原材料价格波动",媒体新闻,16854115800632691382_0_590318,维生素多点开花，新项目稳步推进,兄弟科技,1
"　　事件：2017年上半年公司实现营收6.54亿元，同比+28.6%，归母净利1.54亿元，同比+129.4%，同时，公司预计2017年1~9月业绩区间为2.4~2.7亿元，变动幅度为150%~180%。
　　维生素价格上涨，带动公司盈利上升：上半年维生素行业景气度较高，多种维生素品种价格快速上涨。公司三大产品中VB1于7月报价380元/kg，比1月初上涨7%；VK3于7月报价140元/kg，比1月初上涨25%；VB3亦进入上升周期。受维生素市场价格上涨推动，公司2017年维生素产品实现营业收入4.94亿元，同比+37.1%；维生素产品毛利率达到58.0%，同比+23.9%，带动公司盈利能力增强。
　　VB3、VB5新产能进入调试，进一步提升两品种市场地位：公司现已成为全球最大的VK3供应商，全球前三的VB1供应商，全球前四的VB3供应商。同时，公司新建年产13000吨VB3、年产5000吨VB5项目、2万吨3-氰基砒啶项目已进入调试阶段，项目投产后，公司VB3、VB5产能全球占比将进一步上升。
　　募投进入协同产品，进一步拓展主营范围：公司2月发布定增预案，计划投于年产2万吨苯二酚、3.11万吨苯二酚衍生物建设项目、年产1,000吨碘造影剂及其中间体建设项目。苯二酚产品与公司的主导产品VK3、VB1和VB3均具有相同的应用领域和客户群；通过本次定增，公司将在现有的单一维生素原料药基础上，进一步增加碘造影剂等，实现从精细化工、医药中间体、原料药生产垂直一体化的战略。
　　投资建议：预计公司2017-2019年EPS分别为0.52、0.67、0.81元，首次覆盖，给予增持-A的投资评级，6个月目标价18元。
　　投资风险：维生素价格上涨不及预期、新建项目投产进度不及预期。",媒体新闻,3864746071159895974_0_590318,行业景气较高，新产能投放有望继续释放业绩,兄弟科技,1
"    中证网讯（记者 王维波）兄弟科技（002562）7月30日晚发布半年报，今年上半年，公司实现营业收入65,367.71万元，比上年同期增长28.61%；实现营业利润18,650.54万元，比上年同期增长80.68%；实现归属于母公司所有者的净利润15,446.85万元，比上年同期增长129.42%。
    半年报表示，报告期内，公司紧紧围绕2017年度经营计划书确定的各项目标与重点工作计划要求，准确把握市场走向，加大市场开拓力度，不断扩大品牌影响力，继续保持了经营业绩的快速健康增长。
    业内人士表示，兄弟科技主要从事维生素和皮革化学品等新型精细化工产品的研发、生产与销售。其中，维生素产品包括维生素K3、 维生素B1、维生素B3和维生素B5系列产品，主要用于饲料添加剂、食品添 加剂、医药原料药、化妆品等领域；皮革化学品主要包括铬鞣剂和皮革助剂等系列产品，广泛用于皮革、毛皮的鞣制和加工。该公司目前的主要看点是维生素产品的价格上涨。该公司主营产品维生素K3和维生素B3今年的销售均价比去年有很大幅度的提升，对业绩产生了积极影响。该公司原本主营业务是皮革化工产品、维生素K3和少部分维生素B1，上市后伴随公司融资实力增强，先后对维生素K3工艺进行技改提高毛利，建设并增加了医药级维生素B1和维生素B3的产能，后续又规划建设维生素B5 产能，预计今年下半年投产。这次维生素价格上涨是由于受环保和供给侧改革等因素影响，部分小厂出清，市场集中度也进一步提升，同时在持续的环保压力和成本压力下，新进入者壁垒高，因此其价格有望保持在较高的水平。随着产品价格的上升及该公司产能的扩大，其业绩有望有进一步的增长。",媒体新闻,3834353773395736531_0_439937,兄弟科技上半年净利润同比增长129%,兄弟科技,1
"　　兄弟科技(行情002562,诊股)上半年，公司实现营业收入65，367.71万元，比上年同期增长28.61%；实现营业利润18，650.54万元，比上年同期增长80.68%；实现净利润（归属于母公司所有者的净利润） 15，446.85万元，比上年同期增长129.42%。",媒体新闻,9478912457440102153_0_55423,兄弟科技：半年报净利润增长129.42%,兄弟科技,1
　　全景网5月21日讯 兄弟科技(002562)周五晚间公告，公司日前收到海宁市安监局出具的《整改复查意见书》，经专家确认，公司对全部安全隐患已整改到位。从即日起，恢复公司北厂区20000吨皮革助剂（加脂剂）项目、中试项目、8000吨皮革助剂项目、45000吨铬鞣剂项目的生产经营。（全景网）,媒体新闻,14002050838699112187_0_590068,[公司]兄弟科技收到海宁市安监局复查意见 多个项目恢复生产经营,兄弟科技,1
"（原标题：再融资换挡 配股渐升温）
中国证券报记者统计，今年以来，沪深两市共计有10家上市公司抛出配股发行预案，且多是在再融资新政出台之后。另外，监管部门审核上市公司配股发行的节奏也在加快，今年以来已有6家上市公司配股发行获证监会审核通过。
再融资新政出台后，发行条件高、不新增公司股东、没有单纯套利空间等的配股发行借势“逆袭”，折射出目前上市公司再融资的新环境。中国证券报记者在采访中发现，上市公司并不排斥配股发行再融资，认为配股发行所带来的股东结构变化等相对可控。但如何让中小股东认可配股、调动其参与配股的热情等，是上市公司配股发行亟需解决的问题。
配股发行回暖
今年以来，沪深两市共有阳谷华泰、上峰水泥、三聚环保、天齐锂业、新奥股份等10家上市公司抛出配股发行预案。其中，浪潮信息、特变电工、鸿特精密、华意压缩等6家上市公司配股发行已获证监会审核通过。另外，今年3月，证监会决定恢复南威软件配股行政许可申请的审查。而根据Wind资讯，去年全年累计有动力源、双杰电气、国海证券等13家上市公司公告配股发行预案，但最终通过证监会批准的全部配股案例的一半。
上市公司配股发行格局发生明显变化。业内人士认为，虽然不排除部分去年的上市公司配股方案历经股东大会审议以及证监会审核等最终在今年成行，但与今年前4个多月相比，无论是数量还是审核速度上，上市公司和监管部门对配股发行再融资的积极态度显而易见。
“再融资新政出台后，定增市场快速收缩，配股融资虽有相关限制，受影响相对较小，上市公司在配股发行上的热情由此‘被动’高涨。对监管层而言，我认为加快审核配股发行也有维持正常融资渠道的意思。”券商投行业务负责人表示。
上市公司“力保”配股
众所周知，配股发行对上市公司有持续盈利能力、财务状况、内部控制制度、业务和盈利来源、资产质量等均有较高要求。《上市公司证券发行管理办法》还明确规定，上市公司配股发行“控股股东应当在股东大会召开前公开承诺认配股份的数量”，而且代销期限届满，上市公司原股东认购股票的数量需达到拟配售数量的70%，方可视为配股发行成功。
面对配股“高门槛”，当前上市公司可谓卯足了劲头。如阳谷华泰控股股东王传华承诺，将以现金方式全额认购根据公司2017年度配股方案获得的配售股份，并承诺用于认配股份的资金来源合法合规。文科园林控股股东、实际控制人表示将全额认购可认配股份并提出，为避免短线交易，同时承诺此次配股后持有的文科园林股份限售期为6个月。
此外，为推进配股发行，上市公司还努力做起了大股东的思想工作。有上市公司董秘告诉记者，“目的是让大家达成基本共识――公司发展需要再融资，目前配股发行是公司再融资的重要方式，作为分享上市公司成长的股东，应该支持上市公司配股发行进行再融资”。
几家欢喜几家愁
每个硬币都有两面。部分上市公司对配股发行热情高涨的同时，今年以来，孚日股份、金龙汽车、第一创业、兄弟科技等多家上市公司公告终止配股发行事项。
孚日股份公告显示，公司2015年度股东大会审议通过的《2016年配股发行方案》的规定，本次配股决议的有效期限为“自公司股东大会审议通过本次配股议案之日起十二个月内有效”，目前决议有效期已满，公司配股事项自动终止。金龙汽车终止配股发行的原因是：公司内部环境及外部环境发生变化，当前资本市场环境变化、再融资政策调整，综合考虑公司实际情况和业务发展规划，该方案已不适合继续推进，考虑到对广大中小股东保护等因素，经多方深入沟通和交流，公司拟终止本次配股发行事宜。另外，再融资新政对于融资时间间隔的要求让第一创业放弃了此前的配股方案。
有券商投行人士表示，虽然配股发行近期有受到上市公司和监管部门青睐的迹象，但是由于其相对高的条件、相对长的审议审核程序、相对确保的发行成功率，目前难以成为上市公司主流的再融资方案。“配股发行中控股股东的认购承诺、股东大会的表决结果、中小股东的认购意愿等，都使得配股发行的成功率难以保证。”
“如果不调整相应的发行条件以及加快监管审批速度，那么配股发行最多只是再融资新政下上市公司再融资的过渡方式，而无法成为上市公司再融资的主流途径。”上述券商人士认为。",媒体新闻,936685018767707754_0_109812,再融资换挡 配股渐升温 上市公司“力保”配股,兄弟科技,1
"　　“217再融资新政”以来，上市公司正在快速切换再融资的方式，这其中，此前少有人问津的上市公司配股发行正在受到市场青睐。今年以来，两市共计有10家上市公司抛出配股发行预案，已有6家上市公司配股发行获证监会审核通过。但是，高标准、严要求、成功率不高的配股发行，可能难以复制以前的火爆，最多是新政下上市公司再融资的一个可选项。
　　“217再融资新政”至今快3个月了，定增融资等方式受限，上市公司的融资刚需正在探路多种方式来满足，这不，上市公司配股发行最近回暖了：
<IMAGE SRC=""http://n.sinaimg.cn/finance/transform/20170509/ys9u-fyeyqem2553647.jpg"" >
　　注：今年以来配股发行的部分情况
　　中国证券报记者根据上市公司公告统计：
　　进入2017年，两市共有阳谷华泰(行情300121,买入)、上峰水泥(行情000672,买入)、三聚环保(行情300072,买入)、天齐锂业(行情002466,买入)、新奥股份(行情600803,买入)等11家上市公司抛出配股发行预案，与此同时，今年以来配股发行已通过证监会审核的有浪潮信息(行情000977,买入)、特变电工(行情600089,买入)、鸿特精密(行情300176,买入)、华意压缩(行情000404,买入)等6家上市公司，此外，今年3月份，证监会决定恢复南威软件(行情603636,买入)配股行政许可申请的审查。
　　见过大世面的朋友肯定要想了，这么点数量根本没啥，那我们来对比一下去年全年的情况：
<IMAGE SRC=""http://n.sinaimg.cn/finance/transform/20170509/7xXR-fyeyqem2553756.jpg"" >
　　注：去年上市公司配股发行的情况
　　中国证券报记者梳理发现：
　　去年全年共有动力源(行情600405,买入)、双杰电气(行情300444,买入)、国海证券(行情000750,买入)等13家上市公司公告配股发行的预案，最终有近半的公司配股发行被停止实施，真正通过证监会批准的上市公司配股发行不到所有配股案例的一半。
　　虽然不排除其中有上市公司配股方案经股东大会审议及证监会审核等环节，最终在今年成行的，但与今年近5个月的时间相比，监管部门和上市公司在配股发行再融资上积极性和态度倾向的不同显而易见。
　　券商投行业务负责人表示：
　　“上市公司在配股发行上的热情‘被动’高涨，因为2月证监会出台的再融资新政以来，上市公司再融资的环境已经大变。再融资新政出台以来上市公司定向增发受伤最深，两市定增市场快速收缩，而配股融资虽有相关限制，但是所受影响相对较小。另外，近期监管部门对上市公司配股发行的审核有加速趋势，上市公司再融资政策调整了，但再融资需求确实存在，监管部门加快审核配股发行也有维持正常融资渠道的意思”。
　　在A股市场做配股发行并不容易
　　配股发行对上市公司有持续盈利能力、财务状况、内部控制制度、业务和盈利来源、资产质量等有着相应的要求，对于上市公司来讲，配股发行门槛不低。另外，配股发行还对包括控股股东在内的原股东有着相应的要求。《上市公司证券发行管理办法》明确规定，上市公司配股发行“控股股东应当在股东大会召开前公开承诺认配股份的数量”，而且代销期限届满，上市公司原股东认购股票的数量需达到拟配售数量的70%，方可视为配股发行成功。
　　对比下此前上市公司定增的条件，两者之间的难易程度拉开了几条街。
　　有资料显示，定向增发既可以用最快的方式融资，又可以降低风险和费用。定向增发不需要经过繁琐的审批程序，也不用漫长地等待，并且可以减少发行费用。目前管理层对于上市公司的定向增发，并没有关于公司盈利等相关方面的硬性规定，对于一些过往盈利记录未能满足公开融资条件，但又面临重大发展机遇的公司而言，定向增发也会是一个关键性的融资渠道。除了发行速度较快之外，定向增发往往也比公开增发的市场风险要小。
　　所以，上市公司在配股发行预案中，控股股东先亮出认购承诺是标配。例如阳谷华泰控股股东王传华承诺，将以现金方式全额认购本人根据公司2017年度配股方案获得的配售股份，并承诺用于认配股份的资金来源合法合规。文科园林(行情002775,买入)控股股东、实际控制人承诺全额认购可认配股份并表示，为避免短线交易，同时承诺此次配股后持有的文科园林股份限售期为6个月。
　　新政之下，上市公司对于确保配股发行成功也是多处发力。
　　有上市公司董秘表示，为推进配股发行，除了控股股东的承诺外，上市公司也努力做一些大股东的工作，“让大家都达成基本共识，公司发展需要再融资，目前配股发行是公司再融资的重要方式，作为分享上市公司成长的股东，应该支持上市公司配股发行进行再融资”。
　　另外，配股发行因为没有单纯套利空间，配股发行后将立即除权，股东要避免损失只能被迫参与配股，所以不少股东会在配股前抛掉手中持股。且看西部证券(行情002673,买入)配股发行前的走势：
　　可以说市场资金在西部证券配股前在二级市场上演了出逃的戏码，因为在配股前你只有两种方式可以选择：
　　1、 准备资金参加配股的认购，缴款时间是3月30日-4月10日，认购代码是“082673”，简称为“西部A1配”。
　　2、如果你不想参与配股，那么在3月29日收盘之前把西部证券卖掉。
　　在上述券商投行业务负责人看来，虽然配股发行近期有受到上市公司和监管部门青睐迹象，但是由于其相对高的条件、相对长的审议审核程序、相对确保的发行成功率，目前难以成为上市公司主流的再融资方案。“配股的条件高众所周知，配股发行中控股股东的认购承诺、股东大会的表决结果、中小股东的认购意愿等等，都使得配股发行的成功率难以保证”。
　　事实上，在配股发行上败走麦城的上市公司并不少。今年以来，两市就有孚日股份(行情002083,买入)、金龙汽车(行情600686,买入)、第一创业(行情002797,买入)、兄弟科技(行情002562,买入)等多家上市公司公告终止配股发行事项。
　　如孚日股份公告显示，公司2015年度股东大会审议通过的《2016年配股发行方案》的规定，本次配股决议的有效期限为“自公司股东大会审议通过本次配股议案之日起十二个月内有效”，目前决议有效期已满，公司配股事项自动终止。而金龙汽车终止配股发行的原因是，目前公司内部环境及外部环境已发生变化，当前资本市场环境变化、再融资政策调整，综合考虑公司实际情况和业务发展规划，该方案已不适合继续推进，考虑到对广大中小股东保护等因素，经多方深入沟通和交流，公司拟终止本次配股发行事宜。另外，再融资新政对于融资时间间隔的要求让第一创业放弃了此前的配股方案。
　　“配股发行如果不调整相应的发行条件以及监管审批速度难以加快，那么它最多作为再融资政策转换时期，上市公司再融资的过渡方式，不可能再成为上市公司再融资的主流途径”，上述券商人士预判。",媒体新闻,12432471200651227311_0_439912,再融资换挡 以前的爆款配股能否再流行,兄弟科技,1
"　　关注3100点是否会被有效跌破
　　上证指数用9个月的时间构筑了从2638点到3100点的箱体，近期的连续下跌已经到达该箱体的顶部区域。只要没有大阴线有效跌破3100点，后期走势就是“脚踩头涨”，所以最近每次跌到3100点附近的时候，指数都会有回抽。《易经》有云，“盛阴之处生阳”，更何况指数是在前期箱体的顶部和目前箱体的底部，向上变盘的概率较大。
　　技术面上，月线图中，20月均线没有被打破，目前出现连续的3根阴线在以往的市场走势中也不多见。本月只要不有效跌破3100点，即使收阴线，也会是一根假阴线的孕线，后期低位变盘向上的概率较大。若3100点被有效跌破，则后期会有周期为半年左右的震荡下跌行情出现。所以本月和后期走势的关键点就是看3100点是不是会被有效跌破，只要不破，一切皆有可能。
　　周线图中，当下已是4连阴，此盘面信息自5178点下跌以来只出现过两次，而前两次出现四连阴时，后期均止跌反弹。技术指标上，除MACD指标出现第3根绿柱外，其它指标都走出底部特征。目前看，指数处在跌无可跌、想涨还难的尴尬处境，只能用时间来消化和验证。
　　日线图中，周五大盘低开于7号线下。如果下周一反抽不上7号线，指数将向下一条防守线发展，向下寻求今年1月16日的下影线，然后展开像样的反弹行情。但鉴于周线MACD指标走坏，所以需要时间在3100点附近修正指标。
　　短期看均线指标要下来，并形成止跌的周K线和月K线，因此未来一段时间会是磨人的行情，而主力消灭散户的办法就是磨人和恐吓。
　　关注基本面的三条利好
　　从基本面看，目前有三条利好值得关注：
　　1、多部门监管层表态要“严格控制金融风险”，这说明已经有风险因素的苗头出现，否则不会被提及。股市的下跌很可能是提前“防患于未然”，这是情理之中意料之内的事情，所以后面行情如果下跌，更大的可能也是盘跌或者阴跌，不会出现大跌。
　　2、500亿养老金已经开始逐步入市，说明国家对当前指数位置是有信心的，后续900亿资金也会逐步介入股市中有价值洼地和有成长性的个股板块。这里会是未来的白马股集中营，值得投资者去深度研究，并跟随主力一起建仓。
　　3、越来越多的上市公司开始在3100点附近增持，这说明大股东都觉得自家股价便宜，不怕在这个位置被套。在介入这类股票的时候，一定要结合技术面来判断是否有效止跌。只有将基本面和技术面有效结合，才能发挥最大威力。
　　关注抗跌板块
　　从上涨的幅度和时间上看，雄安概念股的炒作热潮基本快结束了，后期需要一定时间来消化，下跌调整的概率较大。但在市场热点匮乏时也会再次冷饭热炒，出现第三次回调后的介入点。
　　次新股会不间断地爆发诱人的黑马行情，要想介入需要严控止损位。可以让它充分上涨，但是不能跌破自己的止损位。次新股行情不易把握，严格执行止损规则是做这类股票的关键。
　　雄安板块安静时，别的板块才会轮动。没有领头羊的市场激不起投资者的赚钱热情，建议可以多关注整体有抗跌性质或超跌性质的板块，这些板块会是反弹中的急先锋。
　　关注一个行业利好
　　投资是一项专业、严肃的工作。我们追求的应是持久稳定的交易能力，而不是盲目不稳定的暴利。做交易的本质并不是考虑怎么赚钱，而是去有效地控制风险。风险管理好，利润自然来。交易本身并不是勤劳致富，而是风险管理致富！
　　市场是真实的，不以个人情绪为转移。尊重市场行为，等待转折确认性K线的出现后再介入市场才是顺势而为。我们宁比市场慢一步，也不去自作聪明地比市场快半步。
　　最后有一个行业的利好消息非常值得关注：维生素B族涨价潮蔓延，行业进入景气度提升周期。全球最大的维生素B6厂商5月3日再次提价10%，受国内A股市场低迷的环境影响，兄弟科技和广济药业并没有出现该有的上涨，后期反弹中可适当留意这个涨价概念。■",媒体新闻,13778998375454555394_0_439912,3100点一线的市场何去何从,兄弟科技,1
"　　320家公司大宗交易活跃
　　63只业绩翻番股交易额达65亿元
　　4月14日以来，A股大宗交易较为活跃，尤其是绩优白马股的大宗交易更加突出。《证券日报》市场研究中心根据同花顺数据统计显示，4月14日以来，A股大宗交易累计成交21.61亿股，累计成交金额为289.59亿元，涉及上市公司320家。
　　具体来看，4月14日以来，发生大宗交易次数在5次以上的个股超过34只，期间累计发生大宗交易次数居前的个股包括：绿地控股、恺英网络、温氏股份、海天味业、索菲亚、奇信股份，期间累计大宗交易次数分别为：29次、24次、20次、14次、10次、10次。
　　大宗交易成交额方面，上述个股中，有84只期间累计大宗交易成交额超亿元，九州通、尔康制药期间累计大宗交易成交额均超10亿元，分别达到：15.54亿元、10.46亿元，另外，绿地控股（8.49亿元）、海康威视（8.21亿元）、恺英网络（8.20亿元）、中国太保（7.38亿元）、分众传媒（6.92亿元）、安通控股（6.36亿元）、兴业银行（5.94亿元）和冀东水泥（5.28亿元）等个股期间累计大宗交易成交额也均在5亿元以上。
　　值得注意的是，上述公司中，有233家公司今年一季度净利润实现同比增长，占比72.81%。其中，今年一季度净利润同比增长超1倍的公司有63家，这些公司期间累计大宗交易成交额达65亿元，乾照光电、陕西煤业、粤泰股份、工大高新、西水股份、京东方A、中船防务、盛屯矿业等8家公司今年一季度净利润同比增长均在10倍以上，分别为：7598.90%、
　　6982.83%、4955.55%、4339.27%、3742.30%、
　　2127.56%、1677.10%、1540.06%。另外，露笑科技、驰宏锌锗、商业城、国光电器、易尚展示、华钰矿业、远兴能源、莱宝高科、塔牌集团等公司一季报净利润同比增长也均超4倍。
　　二级市场表现方面，上述大宗交易较为活跃的个股中，有60只个股股价4月14日以来实现逆市上涨，其中，冀东装备、三花智控、韩建河山、浩丰科技、先河环保、三七互娱、海康威视、栖霞建设和粤泰股份等个股期间累计涨幅均在10%以上。
　　从行业分布来看，4月14日以来，28类申万一级行业中，有12个行业期间累计大宗交易成交额超10亿元，其中，医药生物（爱基,净值,资讯）行业居首，达到41.70亿元，传媒行业紧随其后，累计大宗交易成交额达29.19亿元，另外，机械设备、房地产、非银金融、电子、计算机、化工、公用事业、交通运输、电气设备、家用电器等行业期间累计大宗交易成交额也均在10亿元以上，分别为：19.62亿元、18.37亿元、17.40亿元、17.09亿元、16.47亿元、15.20亿元、10.68亿元、10.36亿元、10.25亿元、10.01亿元。
　　（张颖 任小雨）
　　逾百亿元“聪明”资金抄底A股
　　33只个股最受青睐
　　4月14日以来，A股市场呈现震荡回调的态势，沪指期间累计下跌5.28%，深证成指期间累计下跌5.91%，沪深两市量能大幅萎缩。尽管如此，沪股通和深股通的资金对A股的投资热情依然高涨，成为市场关注的焦点。《证券日报》市场研究中心根据同花顺数据统计显示，4月14日以来沪股通、深股通合计净流入106.85亿元。其中，沪股通期间累计净流入资金19.57亿元，深股通累计净流入资金87.28亿元。
　　根据沪股通每日十大成交活跃股数据来看，4月14日以来，有25只个股现身在沪股通每日十大活跃股榜单中，其中，中国平安、上汽集团、贵州茅台等3只个股期间登榜次数均为10次，另外，海螺水泥、恒瑞医药、招商银行、中国建筑、上海机场、方正证券、中信证券、大秦铁路、宝钢股份、永辉超市等个股期间登榜次数也均超3次。从期间累计净流入金额来看，上述25只个股中，有11只个股4月14日以来实现沪股通资金净流入，恒瑞医药、中国平安、中信证券、方正证券、招商银行、华泰证券、兴业银行、大秦铁路等8只个股期间沪股通资金累计净流入均超亿元，分别为：8.06亿元、7.96亿元、5.36亿元、3.53亿元、1.91亿元、1.72亿元、1.63亿元、1.30亿元。
　　深股通方面，4月14日以来，共有29只个股现身在深股通每日十大成交活跃股榜单中，美的集团、海康威视、格力电器、五粮液等4只个股期间登榜次数均为10次。另外，蓝思科技、洋河股份、京东方A、深圳机场、云南白药、塔牌集团、东阿阿胶、华侨城A、分众传媒、潍柴动力等个股期间登榜次数也均超3次。期间累计净流入金额方面，上述29只个股中，有22只个股期间实现深股通资金净流入，美的集团、蓝思科技、海康威视、格力电器、洋河股份、五粮液、东阿阿胶、深圳机场、华侨城A、沧州明珠等10只个股期间深股通资金累计净流入均在亿元以上，分别为：20.47亿元、7.45亿元、7.20亿元、4.25亿元、2.93亿元、2.52亿元、1.67亿元、1.45亿元、1.23亿元、1.09亿元。
　　市场表现上，在上述实现沪股通或深股通资金净流入的33只个股中，4月14日以来有16只个股实现上涨，占比48.48%。其中，蓝思科技、大族激光、海康威视、泸州老窖、上汽集团、美的集团、东方雨虹、苏泊尔、立讯精密、欧菲光、分众传媒等个股期间累计涨幅均超5%。
　　分析人士指出，目前大盘逼近年线，预计将有争夺，3100点之下机会大于风险。在此背景下，此轮回调逆市受到沪股通、深股通资金青睐的标的股后市反弹概率较大，值得密切关注。（任小雨）
　　编者按：昨日，A股市场继续震荡回落，上证指数盘中一度跌破3100点，最低探至3092.09点，再创今年1月18日以来的新低。4月14日以来截至昨日，上证指数累计跌幅达5.28%。在本轮回调过程中，无论是两融资金的逆市买入，还是沪股通、深股通等“聪明”资金的连续净流入，亦或是产业资本的逆市增持，以及龙虎榜中敢死队的博弈，无不暗示着当前存量博弈格局或将发生变化。各路资在暗流涌动中，悄然进行着调仓换股。今日本版以专题报道的形式，从大宗交易、沪股通和深股通、龙虎榜、产业资本以及融资融券等五个路径，搜寻主流资金的最新动向，供广大投资者布局参考。
　　363只个股调整以来现身龙虎榜
　　逾19亿元资金逆市抢筹10只个股
　　《证券日报》市场研究中心根据同花顺数据统计显示，4月14日调整以来，沪深两市共有363只个股登上龙虎榜，期间累计上榜次数达到10次或10次以上的个股有23只，成为近期异动明显的热门标的股。
　　对此，分析人士表示，龙虎榜数据直接体现出一段时间内个股的交易异动，因此，该数据不仅能直观反映出当前市场中的领涨以及超跌品种，更能对其中领涨品种的主力资金流向进行跟踪观察，捕捉资金的动向。特别是在当前市场个股走势两极分化日趋明显的背景下，梳理龙虎榜数据对把握后市热点具有更为明显的意义，值得密切关注。
　　具体来看，从累计上榜次数来看，4月14日以来，冀东装备、新劲刚等两只个股均24次登上龙虎榜，此外，京汉股份、青龙管业等个股期间累计上榜次数也达到20次以上，而先河环保、渤海股份、坤彩科技、开立医疗、光莆股份、新宏泽、星帅尔等7只个股期间累计上榜次数也在15次以上。
　　而从龙虎榜资金流向上看，4月14日以来，共有151只个股期间累计实现龙虎榜资金净流入，其中，期间累计净流入金额在亿元以上的个股有18只，新兴铸管（37829.95万元）、泰达股份（19568.15万元）、河钢股份（18634.35万元）、金洲管道（18463.16万元）、建新股份（16827.09万元）、普利制药（16787.5万元）、亿联网络（16280.49万元）、首创股份（15996.06万元）、鹏博士（15633.11万元）、汉钟精机（15222.41万元）等10只个股期间累计净流入金额均超1.5亿元，合计金额达19.12亿元。
　　值得一提的是，尽管4月14日以来市场呈现回调走势，但仍有部分个股出现逆市上涨。统计显示，在期间上榜的363只个股中，除38只4月份以来首发上市的次新股股价普遍实现大涨外，力盛赛车、冀东装备、津膜科技、汉钟精机、无锡银行、北新路桥、博深工具、荣晟环保、创业环保等个股期间累计涨幅均超过40%，其中，力盛赛车为今年3月24日首发上市次新股，此外，新劲刚、恒泰艾普、广州港、*ST金宇、八一钢铁、三花智控、华建集团等个股期间逆市涨幅也超过25%，表现喜人。
　　与之相对的是，在这363只个股中，有41只个股期间累计跌幅在25%以上，股价出现大幅回调。
　　对此，分析人士表示，短期内两类标的股需要格外注意风险。第一，4月下旬以来市场内的投资机会主要集中在雄安主题龙头股上，但随着多数市场资金的获利了结，后市投资需格外注意风险；第二，近期部分“披星戴帽”的星ST股以及前期实现大幅上涨的次新股股价均出现大幅调整，显示较高的投资风险，因此，在实际投资时对于业绩地雷也需保持高度警惕。（莫迟）
　　产业资本借回调净增持74只个股
　　7只绩优白马股获机构追捧
　　《证券日报》市场研究中心根据同花顺数据统计显示，4月14日以来，产业资本共计买卖140家公司股票，累计净增持上市公司股份数量约为1.47亿股。进一步看，产业资本净增持74家公司股票，74家公司净增持部分累计市值约为60.77亿元。
　　在产业资本净增持金额方面，上述74家公司中，新湖中宝（12.81亿元）、爱建集团（8.48亿元）、鹏起科技（7.32亿元）、金科股份（5.98亿元）、凯迪生态（2.63亿元）、必康股份（2.49亿元）、双杰电气（2.16亿元）、温氏股份（2.14亿元）、华邦健康（2.06亿元）、*ST金宇（1.32亿元）、开创国际（1.26亿元）和平高电气（1.10亿元）等12家公司产业资本累计净增持金额均超亿元。
　　分析人士表示，产业资本操作风格往往为中长线价值投资，在本轮市场调整过程中，产业资本借机低吸优质个股，利于提升个股的市场热度，相关个股中长期机会也较为突出，值得关注。
　　市场表现方面，在上述74只个股中，国发股份、银河电子、云南能投、鹏起科技和视源股份等5只个股超跌明显，4月14日以来累计跌幅均在19%以上，分别为：40.35%、24.72%、23.97%、21.07%和19.80%。对此，有市场人士表示，上述5只个股在超跌、产业资本逆市积极抢筹双重刺激下或迎来补涨行情，尤其是可以关注基本面较好，业绩表现突出的错杀股。
　　另外，*ST金宇、必康股份、海康威视、金科股份、东方雨虹、鲍斯股份、华英农业、京蓝科技、开创国际和乐普医疗等10只产业资本积极增持个股本轮调整以来，期间股价逆市上涨且涨幅均在3%以上，强势凸显，期间累计涨幅分别为：30.20%、19.73%、14.27%、10.31%、7.98%、6.65%、5.03%、4.34%、3.61%和3.36%。
　　在上述产业资本积极增持的个股中，也不乏绩优白马股，在当前弱市行情下，抗跌特性将更强。新湖中宝、东方雨虹、乐普医疗、台海核电、金科娱乐、兄弟科技和拓邦股份等7家公司2016年年报、2017年一季报净利润同比增幅均在30%以上，且2016年净利润绝对额在1亿元以上。这7家公司中，截至昨日，有4家公司已披露2017年中报业绩预告，其中，兄弟科技中报净利润预增幅度达到150.00%，居首位。
　　上述受到产业资本净增持的7只绩优股，也获得了机构的普遍看好，有5只个股近30日内被机构给予“买入”评级。乐普医疗最受机构看好，近30日内机构“买入”评级家数达到8家，其中，上海证券表示，公司是国内心血管介入医疗耗材的龙头企业，公司坚持内生性成长和外延式发展相结合，已从单一医疗器械企业向包括医疗器械、医药、医疗服务和新型医疗业务等四大板块的心血管健康生态型企业积极推进，看好公司未来一段时期的发展。（乔川川）
　　209只两融标的股处于融资净买入状态
　　银行等五行业成融资客逆市布局首选
　　伴随沪指从4月14日以来的快速回落，两融余额也从4月14日的9373.01亿元下降至5月4日的9136.68亿元。但在此期间，仍有209只两融标的股处于融资净买入状态，值得关注。
　　进一步看，金隅股份、冀东水泥、兴业银行、唐山港、京东方A、首创股份、创业环保、碧水源、民生银行、华夏银行、汉钟精机和海通证券等12只两融标的股期间融资净买入额均在3亿元以上，分别为：19.39亿元、14.20亿元、8.96亿元、7.80亿元、6.68亿元、4.91亿元、4.82亿元、4.51亿元、4.38亿元、4.27亿元、3.17亿元和3.07亿元，另外，天士力、恒泰艾普、龙净环保、华发股份、万邦达、葛洲坝、南京银行、鹏博士和北新路桥等两融标的股期间融资净买入额也均在2亿元以上。
　　市场表现方面，上述209只处于期间融资净买入的两融标的股中，汉钟精机、北新路桥、创业环保、恒泰艾普、巨化股份、海康威视、盾安环境、龙净环保和天山股份等9只标的股4月14日以来累计涨幅居前，均在10%以上，分别为：60.26%、44.07%、41.32%、33.98%、17.90%、14.27%、10.91%、10.81%和10.26%，另外，小天鹅A、京东方A、金证股份、苏泊尔、重庆啤酒、方大炭素、立讯精密、中国电建和永辉超市等多只两融标的股期间涨幅也均在6%以上。
　　从融资客青睐的209只标的股行业特征来看，银行、家用电器、医药生物、公用事业和建筑装饰等五大行业中期间融资净买入标的股数量占行业两融标的股总数比例居前，均在30%以上，分别为：68.42%、44.44%、30.86%、30.19%、30.00%。《证券日报》记者梳理发现，上述融资客青睐的五大行业，在4月14日以来调整行情中，整体表现突出，家用电器板块期间累计上涨2.25%，在28类申万一级行业中排名第一；银行、医药生物板块期间分别小幅下跌2.34%、3.03%，均跑赢同期大盘（沪指期间下跌5.28%）。
　　处于市场风口的家用电器板块中，盾安环境、老板电器、奋达科技、海信科龙、海信电器、华意压缩、小天鹅A、苏泊尔等8只两融标的股4月14日以来处于期间融资净买入状态，净买入额分别为：13292.14万元、9345.14万元、3262.07万元、2702.99万元、2481.79万元、1412.89万元、1149.77万元、686.55万元。融资客的热捧也助力上述标的股在4月14日以来调整行情中取得较好市场表现，除海信电器外，其余7只个股均跑赢同期大盘。
　　对于家用电器板块后市机会，申万宏源表示，在当前的弱市调整行情中，继续推荐业绩优秀的龙头公司。得益于空调销量高速反弹、行业竞争格局良好以及海外收购并表，家电行业三大白电龙头公司业绩表现优异，继续重点推荐格力电器，公司2016年年报与2017年一季报业绩符合预期，现金分红占净利润比例高达70%；此外，重点关注业绩持续超预期的厨电龙头公司老板电器、吸尘器与空气净化器自主品牌爆发式增长的莱克电气，护理类小家电龙头公司飞科电器以及公司小家电品类更加多元化，IH智能电饭煲品类发展迅速的九阳股份。
　　（乔川川）",媒体新闻,12855531318713482128_0_439912,存量博弈格局或将生变 五大路径探寻资金新动向,兄弟科技,1
"<IMAGE SRC=""http://i.thsi.cn/images/i/1/10872/1493979505675637.jpeg"" >
　　市场简述
　　沪深两市延续近期调整格局,盘中沪指继续逼近3100点关口。从盘面看,题材股继续呈现市场活跃,雄安新区概念盘中再度崛起,恒泰艾普（300157）、建新股份等多股盘中涨停,带动雄安概念整体走强,海水淡化、固废处理、污水处理、智慧城市、安防服务、特钢等题材呈现活跃;行业板块方面,环境保护、建材、软件服务、钢铁、保险等行业板块涨幅靠前,航空、船舶、有色、多元金融、煤炭、石油等板块跌幅较大。
　　总体来看,周四市场呈现出中小创市场强,主板市场弱格局,两市个股受市场调整影响继续呈现分化,盘中个股普跌。技术面看,目前股指仍处于下行的趋势之中,盘中沪指逼近3100点关口,有继续考验3100点关口支撑需求。在当前热点缺乏以及雄安概念分化以及次新股降温背景下,市场区间震荡调整行情有望延续,建议投资者继续控制仓位,高抛低吸,远离纯概念炒作。
　　消息面
　　一、维生素B族涨价潮蔓延 行业进入景气度提升周期
　　据中国饲料行业信息网监测,5月3日,全球最大的维生素B6(VB6)生产商天新药业出厂价上调10%至286元/千克,年初至今涨幅达到24%。目前,部分生产商因环保问题停止报价并出现发货延迟,市场整体价格上涨明显。
　　业内认为,维生素B族涨价潮正在蔓延。多重利好叠加,部分小品种维生素正进入景气提升周期。A股中,广济药业（000952）是国内主要VB6生产商之一,明显受益产品涨价。同时,公司新实控人湖北长江产业投资集团2014年入主时曾承诺3年内适当引进新的产品,随着承诺到期临近,公司资本运作预期升温;兄弟科技（002562）是国内VB1主要生产商之一。
　　二、人工智能行业盛会将开
　　第四届中国机器人（300024）峰会暨智能经济人才峰会将于5月16日在宁波余姚开幕,将探讨人工智能发展新阶段以及与机器人的结合。另据报道,百度CEO李彦宏向全体员工发出内部信,提出要使百度转型成为全球领先的人工智能科技公司;腾讯也在近日宣布,将在西雅图成立人工智能研究实验室。
　　在科技巨头纷纷发力、政策强力支持、下游需求逐步启动的背景下,人工智能正在进入产业爆发的拐点。公司方面,科大智能（300222）与复旦大学合作研究类脑人工智能技术;科大讯飞（002230）通过切入汽车车载语音领域开拓人工智能的商业化应用。
　　三、下游磁材需求提升而供应偏紧
　　近期受下游磁材需求提升等因素推动,市场供应偏紧,稀土价格出现反弹。数据显示,3日氧化铕大涨近7%,近一周涨幅达18.5%,氧化铽、金属镨钕、氧化镨钕等品种也出现不同程度上涨。
　　自年初以来,稀土价格开始上涨,部分品种价格涨幅近10%。需求上升而配额指标总量不变,加之对稀土打黑的常态化,实际供应收缩,稀土价格上涨。稀土相关上市公司有广晟有色（600259）、盛和资源（600392）等。",媒体新闻,16796759058786152062_0_590324,人工智能行业盛会将开！5股有望借机启动,兄弟科技,1
"A股踟蹰不前，突击个股；黄金跌跌不休，看晚间非农！　　
亚洲　　
“一行三会”监管风暴袭来之际，中国股债商市场再现“三杀”。国债期货全线大幅收跌；受雄安上演“过山车”行情影响，沪指冲高回落，创三个半月新低；商品期货掀跌停潮，黑色系集体重挫。近期，一行三会密集开会，落实政治局关于维护国家金融安全的会议精神。　　
周四夜盘，黑色系领跌，延续日盘跌势。铁矿石开盘跌4.6%，随后跌幅迅速扩大至约6%，热卷、螺纹钢分别低开2.7%、1.9%。夜盘收盘，焦炭、焦煤、动力煤分别跌2.7%、3.3%、1.2%；铁矿石收跌5.7%。周四，商品期货日盘现跌停潮，黑色系集体重挫。截至收盘，铁矿石、橡胶、热卷、郑醇主力封住跌停。螺纹钢、焦炭收盘跌超6%。　　
4月中旬以来，各类别城投债一二级市场利率近全线上涨，新发行的AA级城投债收益率普遍已超7%。此外，4月共154只债券取消和推迟发行，涉及规模逾1400亿。六部委近日也进一步规范地方政府举债融资行为。　　
制造业与服务业增速再度“双下”。中国4月财新服务业PMI 51.5，为2016年6月以来新低，前值52.2。而此前公布的财新制造业PMI亦回落至7个月来最低，莫尼塔钟正生称，增长的拐点似乎已经出现。　　
中金珠宝混改拟引入腾讯、顺丰等民企投资者。中航信移动科技拟引入3-4家外部投资者，形成中航信股份占股45%-49%，外部投资者占51%-55%的股权结构。另外，中核集团子公司拟引入中广核、国电投、大唐等投资者。　　
近期，市场流传称证监会要求“企业上市辅导时间须满18个月；主板中小板、创业板的盈利门槛提升；传媒、互联网等企业原则上劝退”。对此，上证报援引证监会人士称，这些传闻均与事实不符。　　
国家外管局副局长郑薇表示，应加强对系统重要性金融机构业务的跟踪监测和分析，对其提出更审慎要求，必要时可约谈、诫勉谈话等；研究对金融机构采取差异化监管措施，对高风险机构更严格监管。　　
新华社刊文称，IPO常态化的同时，发审趋严、核准率降低的态势也随之确立，印证了IPO“堰塞湖”治理思路，即新股发行重在企业质量。下一步监管部门也将进一步提高发审环节的透明度，及时回应市场关切。　　
正在筹备中的中港债券通将以“三先三后”方式分阶段推出，即“先北上，后南下”、“先机构投资者，后散户投资者”及“先场外，后场内”，发展成熟后有望做到中港债市完全互通。据媒体报道，债券通最快两个月内会公布。　　
北美　　
美国国会众议院以217-213票赞成票通过废除和替换奥巴马医保法的议案。本次投票是特朗普执政团队的一大胜利。特朗普版的医改议案将送至参议院进行投票。　　
据美国媒体报道，美国国会参议院以79-18票批准1.1万亿美元政府支出议案。该预算案将确保在9月30日之前联邦政府有充足的预算资金可用，以化解美国政府关门危机。昨日，该议案以309票对118票在众议院通过。　　
美国3月贸易逆差值为437亿美元，较2月逆差值相比略微收窄，好于预期445亿美元，创去年10月以来新低。其中，进口和出口均有所下滑。　　
美国国务卿蒂勒森表示，美国不寻求朝鲜政权更迭，对今后与朝进行谈判持开放态度，但也做好对朝实施进一步制裁的准备。　　
当地时间周三，苹果CEO库克称将设立10亿美元基金，促进美国先进制造业就业，将于本月晚些时候宣布该基金的第一笔投资。特朗普此前多次抨击苹果，最著名的“口号”之一是迫使苹果把iPhone生产制造工作迁回美国。　　
欧洲　　
汇丰一季度税前利润同比下滑19%，至50亿美元，但高于分析师预期的43.1亿美元；经调整税前利润增加12%，调整后营收增2%，均超预期；并未公布新股票回购计划。财报公布后，汇丰港股涨3.65%。　　
一名欧盟官员表示欧元集团可能在不久将解决希腊债务减免问题。希腊总理呼吁在5月22日欧元集团会议上就债务减免达成方案。希腊股票大涨。年初至今，希腊股市成为全球股市涨幅最大的资产之一。　　
大宗商品、外汇、新兴市场及其它　　
周四盘中布油美油分别跌破49美元/桶和46美元/桶，双双创下OPEC减产协议落地当天――去年11月30日以来新低。市场人士评价，越来越多迹象显示OPEC会延长减产，市场反应却和这无关。有分析师预计美油将跌至42美元。　　
三名OPEC代表周四表示，OPEC和非OPEC产油国或将延长减产协议，将减产的期限延长至6月之后，以帮助解决石油市场供应过剩的问题。但他们表示，减产的规模不太可能会扩大。　　
原油、基本金属、贵金属、黑色系等商品期货周四普跌，拖累美股表现。主要原因是：中国4月PMI回落引发需求担忧；规范地方政府举债融资行为，导致流动性趋紧；伦铜库存单周涨25%，菲律宾产量政策打压期镍价格。　　
周四比特币涨逾4%达到创纪录的1553.18美元，此后Coinbase平台的交易价突破了1600美元，涨幅价格均超纽约6月期金。交易者称来自日本的新增投资是推手；上月美国证监会重审比特币对冲基金，让投资者看到监管方放行希望。不过北京时间周五凌晨，比特币出现明显回落。　　
国际黄金――昨日回顾，今日策略　　
国际现货黄金周四（5月4日）亚市早盘开于1237.88美元/盎司后，短暂上涨，录得日内高点1241.27美元/盎司后，金价转跌，震荡下行，盘中现直线跳水。欧市金价转入盘整，多空激战但多方最终失败，金价再度转跌。美市金价大幅下挫，直线坠落，录得日内低点1225.41美元/盎司后反弹，但空方仍对峙，反弹力度渐弱，终收于1227.37美元/盎司的低位。　　
国际现货黄金周四（5月4日）亚市早盘开于1237.88美/盎司，最低下探1225.41美元/盎司，最高上涨至1241.27美元/盎司，收于1227.37美元/盎司，下跌10.44美元，跌幅0.84%。　　
【日内黄金操作策略】　　
1、反弹到1232一线做空，止损1236，目标1226,破位持有；　　
2、1222一线做多，止损1218，目标1230；　　
　 　
中国新闻――地区及产业　　
1、雄安・环保园林|为确保按期完成国家下达的节能目标任务，河北省政府办公厅日前印发《河北省节能“十三五”规划》。根据规划，河北省节能约束性目标是：到2020年，全省能源消费总量控制在32785万吨标准煤以内，万元国内生产总值能耗下降17%。将实施燃煤压减替代工程、锅(窑)炉改造工程、利用工程、电机(变压器)节能工程、智慧节能工程、节能产品推广工程、建筑能效提升工程、园区循环化改造工程等八大重点节能工程。另外，5月份，《保定市大气污染防治条例》正式实施。这是保定市获得地方立法权后，在环保方面颁布的首个地方性法规。保定市大气污染严重，连续两年位居全国污染最为严重的城市之列。　　
点评：清新环境作为火电超低排放技术龙头，3月底已在雄安中标一个供热供电厂烟气净化处理工程项目。首航节能合资成立储能技术公司，在张家口、雄安开展清洁能源业务。　　
2、高送转| 多只股票实施高送转方案。　　
北纬通信：实施每10股转12股派1.1元方案，股权登记日为：2017年5月11日，除权除息日为：2017年5月12日；　　
亿联网络：实施每10股派18元方案，股权登记日为：2017年5月11日，除权除息日为：2017年5月12日；　　
华通医药：实施每10股转5股派1.1元方案，股权登记日为：2017年5月11日，除权除息日为：2017年5月12日；　　
奥马电器：实施每10股转18股派2.5元方案，股权登记日为：2017年5月10日，除权除息日为：2017年5月11日；　　
新宙邦：实施每10股转10股派5元方案，股权登记日为：2017年5月11日，除权除息日为：2017年5月12日；　　
横河模具：实施每10股转12股方案，股权登记日为：2017年5月10日，除权除息日为：2017年5月11日；　　
雄帝科技：实施每10股转10股派5元方案，股权登记日为：2017年5月10日，除权除息日为：2017年5月11日。　　
3、苹果产业链| 据报道，苹果最新专利“双频天线的无线充电和通信系统”通过美国专利局审核。核心内容：用WIFI为手机、平板充电!专利的落地，意味着苹果在此方面已取得重大突破。今后出门在外再也不用带充电器和数据线了，在每一个酒店、饭店、咖啡馆等公共场所都可以通过WIFI既联网又充电!报道称，今年晚些时候推出的iPhone 8，就将具备上述无线充电功能。　　
点评：横店东磁软磁材料有供应给苹果无线充电领域iwatch产品，其董事长兼总经理何时金增持40.5万股。顺络电子在互动平台称目前无线充电产品中的发射线圈与接收线圈已经量产。　　
4、钢结构 |住建部印发建筑业十三五规划，大力发展钢结构产业。相关概念股有杭萧钢构,富煌钢构等。　　
5、人工智能|第四届中国机器人峰会暨智能经济人才峰会将于5月16日在宁波余姚开幕，今年峰会主题为“智能+时代，智胜未来”，将探讨人工智能发展新阶段以及与机器人的结合。另据媒体报道，5月4日，百度CEO李彦宏向全体员工发出内部信，提出要使百度转型成为全球领先的人工智能科技公司；腾讯也在近日宣布，将在西雅图成立人工智能研究实验室，任命语音识别领域专家俞栋担任负责人。　　
点评：在科技巨头纷纷发力、政策强力支持、下游需求逐步启动的背景下，人工智能正在进入产业爆发的拐点。公司方面，科大智能与复旦大学合作研究类脑人工智能技术；科大讯飞通过切入汽车车载语音领域开拓人工智能的商业化应用。　　
6、维生素| 5月3日，全球最大的维生素B6(VB6)生产商天新药业出厂价上调10%至286元/千克，年初至今涨幅达到24%。目前，部分生产商因环保问题停止报价并出现发货延迟，市场整体价格上涨明显。今年3月，天新曾提高维生素B1(VB1)出厂价，涨幅5%-7.5%，目前VB1价格坚挺。天新药业VB1和VB6产能全球占比分别达36%和70%，拥有定价权。　　
点评：广济药业是国内主要VB6生产商之一，明显受益产品涨价。同时，公司新实控人湖北长江产业投资集团2014年入主时曾承诺3年内适当引进新的产品，随着承诺到期临近，公司资本运作预期升温；兄弟科技是国内VB1主要生产商之一。　　
7、稀土磁材| 近期受下游磁材需求提升等因素推动，市场供应偏紧，稀土价格出现反弹。数据显示，3日氧化铕大涨近7%，近一周涨幅达18.5%，氧化铽、金属镨钕、氧化镨钕等品种也出现不同程度上涨。　　
点评：稀土相关上市公司有广晟有色、盛和资源等。　　
8、物联网| 随着工信部对NB-IoT(窄带物联网)的大力推动，三大运营商加快了物联网生态的建设步伐。目前，中国信息通信研究院泰尔终端实验室提出的“窄带物联网(NB-IoT)的终端模组”系列标准规范已通过送审稿，正在积极报批版本及相关文件，这标志着业界NB-IoT模组系列规范取得阶段性成果。　　
点评：同时，中国移动首个NB-IoT智慧水表项目近日在江西鹰潭盛世华庭小区正式投入使用。中国移动还在4个省市启动了NB-IoT外场测试，随后将开启大规模外场测试验证。此外，电信和联通也不甘落后。业内认为，物联网规模化商用正全面提速，产业即将爆发。　　
9、制冷剂| 制冷剂R125报80000元/吨，较昨日涨33.33%，较上月涨158.06%；R410a报60000元/吨，较昨日涨9.09%，较上月涨122.22%。相关概念股有巨化股份等。　　
　 　
文章更新中，请持续关注。了解更多股票、大宗商品金银、原油、沥青、天然气、投资资讯，关注分析师张琅获取详情指导。　　
（本文由百度 分析师张琅杜撰，由于近期网上很多人抄袭本人文章观点，再此郑重提醒大家，请勿抄袭，侵权必究。）　　
　 　
　 　",媒体新闻,13434172573301091351_0_375933,A股踟蹰不前，突击个股；黄金跌跌不休，看晚间非农！,兄弟科技,1
"　　维生素b族价格大涨 医药概念股龙头企业推荐；维生素b族价格大涨，利好哪些个股？下面是由南方财富网小编为您维生素b族价格大涨，医药概念股龙头企业推荐，详情如下：
<IMAGE SRC=""http://www.southmoney.com/uploads/allimg/170505/091401E38-0.jpg"" >
　　A股中：
　　兄弟科技（13.57 +2.96%，买入）：是国内VB1主要生产商之一;
　　广济药业（18.13 +1.45%，买入）：是国内主要VB6生产商之一，明显受益产品涨价。同时，公司新实控人湖北长江产业投资集团2014年入主时曾承诺3年内适当引进新的产品，随着承诺到期临近，公司资本运作预期升温。
　　据中国饲料行业信息网监测，5月3日，全球最大的维生素B6（VB6）生产商天新药业出厂价上调10%至286元/千克，年初至今涨幅达到24%。目前，部分生产商因环保问题停止报价并出现发货延迟，市场整体价格上涨明显。今年3月，天新曾提高维生素B1（VB1）出厂价，涨幅5%-7.5%，目前VB1价格坚挺。天新药业VB1和VB6产能全球占比分别达36%和70%，拥有定价权。
　　业内认为，维生素B族涨价潮正在蔓延。从供给看，环保部正对去年督查区域整改进行复查，中小产能开工持续受限；从需求看，出口市场保持高增长，3月维生素B6和B1出口同比分别增长45.7%和10.3%。国内市场饲料、医药等下游需求也呈现稳步增长。多重利好叠加，部分小品种维生素正进入景气提升周期。
　　以上是由南方财富网的小编为您整理的维生素b族价格大涨 医药概念股龙头企业推荐，南方财富网小编提醒您股市有风险，投资需谨慎，若想了解更多关于股票股市资讯，请您继续关注南方财富网。　　南方财富网微信号：南财",媒体新闻,2611475005377161323_0_464745,维生素b族价格大涨 医药概念股龙头企业推荐,兄弟科技,1
"　　关键词：油改、绿色雄安、环保、维生素B、稀土等。
　　【油气改革方案落地在即 “管网独立”重头戏先行】
　　虽然油气体制改革方案还未全面下发，但作为重头戏的管网独立已先动了起来。《经济参考报》记者了解到，日前有关部门已经成立12个工作组，分赴多地全面启动管输企业定价成本监审工作，后续将研究制定天然气干线管道价格，加快规范省级以下管网定价。
　　A股市场上，关注富瑞特装、石化机械、石化油服、恒逸石化、常宝股份等。
　　【河北发布节能十三五规划　绿色雄安引领万亿产业发展】
　　河北省政府办公厅日前印发《河北省节能“十三五”规划》。根据我国“十三五”节能产业环保规划规划，到2020年节能环保产业增加值要占到GDP3%左右，成为国内经济的一大支柱产业。2015年我国节能环保的产业产值达到4.5万亿元，增加值占GDP的2.1%。根据规划，雄安新区定位为生态、绿色、智慧城市。
　　机构认为，雄安新区被委以重任，随着雄安新区建设逐步展开，龙头效应逐渐显现，将引领节能环保产业快速发展。
　　清新环境(002573)作为火电超低排放技术龙头，3月底已在雄安中标一个供热供电厂烟气净化处理工程项目。首航节能(002665)合资成立储能技术公司，在张家口、雄安开展清洁能源业务。
　　【园区循环化改造获力挺 环保企业迎广阔市场空间】
　　《循环发展引领行动》日前印发。文件提出，制定实施《园区循环化改造行动》。
　　机构指出，目前各地正在加快推进园区循环发展，随着绿色金融政策逐步落地以及PPP资产证券化速度加快，与工业领域相关的清洁能源服务商有望获得资金支持。从产品需求面看，园区循环化改造将为科技型环保企业提供充足的市场空间。
　　天翔环境(300362)3月公告与营口市政府就资源循环利用产业园区项目达成合作;盛运环保(300090)1月公告签下莫旗循环经济产业园项目。
　　【保定首个环保法规治理大气　雄安绿色交通引领汽车电动化】
　　5月份，《保定市大气污染防治条例》正式实施。这是保定市获得地方立法权后，在环保方面颁布的首个地方性法规。雄安新区设立后，汽车电动化有望提速。
　　雄安新区有望成为国内首个以电动汽车行驶为主的城市，成为摘取“绿色交通城市”名片的首座城市。率先布局雄安的充电桩和电动汽车企业有望受益。
　　渤海活塞(600960)参股的北汽新能源是京津冀区域电动汽车龙头，今年在河北地区将完成70余家专营店的建设，全面覆盖保定、石家庄、廊坊等地区。特锐德(300001)旗下的保定特来电公司在安新县总共投建4个充电站、在雄县总共投建11个充电站、在容城县总共投建5个充电站，率先实现全面布局雄安新区智能充电圈。
　　【维生素B族涨价潮蔓延 行业进入景气度提升周期】
　　据中国饲料行业信息网监测，5月3日，全球最大的维生素B6(VB6)生产商天新药业出厂价上调10%至286元/千克，年初至今涨幅达到24%。目前，部分生产商因环保问题停止报价并出现发货延迟，市场整体价格上涨明显。
　　业内认为，维生素B族涨价潮正在蔓延。多重利好叠加，部分小品种维生素正进入景气提升周期。
　　A股中，广济药业(000952)是国内主要VB6生产商之一，明显受益产品涨价。同时，公司新实控人湖北长江产业投资集团2014年入主时曾承诺3年内适当引进新的产品，随着承诺到期临近，公司资本运作预期升温;兄弟科技(002562)是国内VB1主要生产商之一。
　　【人工智能行业盛会将开 科技巨头争相布局】
　　第四届中国机器人峰会暨智能经济人才峰会将于5月16日在宁波余姚开幕，将探讨人工智能发展新阶段以及与机器人的结合。另据报道，百度CEO李彦宏向全体员工发出内部信，提出要使百度转型成为全球领先的人工智能科技公司;腾讯也在近日宣布，将在西雅图成立人工智能研究实验室。
　　在科技巨头纷纷发力、政策强力支持、下游需求逐步启动的背景下，人工智能正在进入产业爆发的拐点。
　　公司方面，科大智能(300222)与复旦大学合作研究类脑人工智能技术;科大讯飞(002230)通过切入汽车车载语音领域开拓人工智能的商业化应用。
　　【苹果无线充电专利落地 产业处于爆发前夜】
　　苹果最新专利“双频天线的无线充电和通信系统”通过美国专利局审核。专利的落地，意味着苹果在此方面已取得重大突破。今年晚些时候推出的iPhone  8，就将具备上述无线充电功能。
　　配备无线充电的智能穿戴设备有望在2020年突破2亿部，届时仅消费电子，无线充电的市场总规模有望达到百亿美元。随着行业巨头纷纷进场，无线充电技术研发有了明显提升，并逐渐在消费电子类产品领域开始商用。
　　上市公司中，横店东磁(002056)软磁材料有供应给苹果无线充电领域iwatch产品。顺络电子(002138)在互动平台称目前无线充电产品中的发射线圈与接收线圈已经量产。
　　【下游磁材需求提升而供应偏紧 稀土价格反弹】
　　近期受下游磁材需求提升等因素推动，市场供应偏紧，稀土价格出现反弹。数据显示，3日氧化铕大涨近7%，近一周涨幅达18.5%，氧化铽、金属镨钕、氧化镨钕等品种也出现不同程度上涨。
　　自年初以来，稀土价格开始上涨，部分品种价格涨幅近10%。需求上升而配额指标总量不变，加之对稀土打黑的常态化，实际供应收缩，稀土价格上涨。
　　稀土相关上市公司有广晟有色(600259)、盛和资源(600392)等。
　　*本文信息仅供参考，投资者据此操作风险自担。",媒体新闻,18070909478819095366_0_590299,【关键词】油气改革方案落地在即；绿色雄安引领万亿产业发展,兄弟科技,1
"　　5月5日股市最新消息：中国机器人峰会将召开 关注概念股
　　【昨日市场简述】
　　周四沪深两市延续近期调整格局，盘中沪指继续逼近3100点关口。从盘面看，题材股继续呈现市场活跃，雄安新区概念盘中再度崛起，恒泰艾普、建新股份等多股盘中涨停，带动雄安概念整体走强，海水淡化、固废处理、污水处理、智慧城市、安防服务、特钢等题材呈现活跃；行业板块方面，环境保护、建材、软件服务、钢铁、保险等行业板块涨幅靠前，航空、船舶、有色、多元金融、煤炭、石油等板块跌幅较大。总体来看，周四市场呈现出中小创市场强，主板市场弱格局，两市个股受市场调整影响继续呈现分化，盘中个股普跌。技术面看，目前股指仍处于下行的趋势之中，盘中沪指逼近3100点关口，有继续考验3100点关口支撑需求。在当前热点缺乏以及雄安概念分化以及次新股降温背景下，市场区间震荡调整行情有望延续，建议投资者继续控制仓位，高抛低吸，远离纯概念炒作。
　　【消息面】
　　一、维生素B族涨价潮蔓延 行业进入景气度提升周期
　　据中国饲料行业信息网监测，5月3日，全球最大的维生素B6（VB6）生产商天新药业出厂价上调10%至286元/千克，年初至今涨幅达到24%。目前，部分生产商因环保问题停止报价并出现发货延迟，市场整体价格上涨明显。
　　业内认为，维生素B族涨价潮正在蔓延。多重利好叠加，部分小品种维生素正进入景气提升周期。A股中，广济药业是国内主要VB6生产商之一，明显受益产品涨价。同时，公司新实控人湖北长江产业投资集团2014年入主时曾承诺3年内适当引进新的产品，随着承诺到期临近，公司资本运作预期升温;兄弟科技是国内VB1主要生产商之一。	　　南方财富网微信号：南财
共2页:
上页
1
2
下页",媒体新闻,7390667637008102067_0_590281,5月5日股市最新消息：中国机器人峰会将召开 关注概念股,兄弟科技,1
"　　一、【要闻速递】
　　1、3信号显示市场资金趋紧：4月25日以来，有多方面的数据以及监管层面释放的信号显示当前市场的资金面偏紧：美联储按兵不动央行逆回购金额缩小；银行间同业拆放利率全线上涨；招商证券(行情600999,买入)PB业务被罚，股票配资进一步规范。评：主力资金扎堆雄安概念股，市场资金趋紧的背景之下，A股市场当前的投资风险并不小。
　　2、新华社：金融机构要切实承担起风险管理责任。新华社发表文章称，金融机构要切实承担起风险管理责任。要切实承担起风险管理责任，不仅需要金融机构的自律，外部的有效监管也必不可少。一些金融机构打监管的“擦边球”，造成了风险隐患的积累。提高监管的反应速度和效率非常重要。监管部门要更加主动地防控金融风险，不能被动地跟在市场后面，要通过创新监管方式，提升监管能力和水平，让风险防控做到耳聪目明。评：近日发生的民生银行(行情600016,买入)30亿元假理财案件还未解决，这是典型的因金融机构风控而不严发生的案件。此外，在项俊波落马前，保监会的监管措施已经滞后行业的发展。这些都需要日后一行三会解决。
　　3、证监会回应次新股业绩下滑：视情节处罚。从证监会了解到，近期关于IPO审核“内部通知”的三大传闻均与事实不符。近日媒体和股民对“高速IPO风险集中大爆发，公司上市即变脸”质疑声音很大。证监会对此进行回应，称如果企业上市后当年业绩下滑甚至亏损严重，但风险揭示不够充分，证监会将视情节轻重采取行政处罚或相应措施。评：对于次新股的业绩变动需要分情况看待，分析业绩下滑与行业波动趋势是否相符有无合理理由。有可能存在两种情况还需要持续观察，一是，企业本身受经济周期、行业周期以及季节性波动导致的业绩变化。如果同比无明显变化，则属于正常波动。二是部分创业板企业由于体量小，根据订单实施情况确认收入，无明显季节规律，上市后当期的业绩无明显参考价值。所以对于次新股业绩下滑仍需根据具体情况而定。
　　4、保监会：研究保险资金投资金融产品的监管比例 实施穿透性监管。保监会表示，逐步调整和优化比例及资本监管，注重风险实质判断，动态审慎调整投资资产的分类和资本要求；研究保险资金投资金融产品的监管比例，按照基础资产属性实施穿透性监管。坚持去杠杆、去嵌套、去通道导向，引导保险资金秉承价值投资、长期投资和稳健投资原则，为国家战略和实体经济提供长期稳定的优质资金。加强金融监管协调，防范风险跨行业传递，牢牢守住不发生系统性风险底线。评：保监会此次的监管措施直指要害，控制住险资的投资A股比例，相当于为保险大鳄戴上了紧箍咒。此外，按照基础资产属性实施穿透性监管将会暴露险资的资金来源，保险大鳄将无处藏身。
　　5、上交所：继续全面加强一线监管 抑制上市公司“脱实向虚”的不良倾向。上交所发布沪市上市公司2016年年报整体分析报告，监管上继续全面加强一线监管，整治市场乱象，抑制上市公司“脱实向虚”的不良倾向。持续推进全方位、实质性监管。对扰乱市场秩序的行为，坚决打击，让中介机构承担起“看门人”的责任，净化市场环境，改善资本市场生态。评：完善制度是根本！ 怎样提高重组质量，杜绝虚假重组？将责任推给第三方并非好的办法，关键还是靠法治，让造假者无法承受付出的代价，才能让造假者止步。
　　6、C919今日首飞 具体时间视天气情况而定：综合多方消息，由于天气等原因，C919#的首飞不一定安排在今日上午，也有可能会是下午。目前看日期还不会调整。评: C919首飞可能是第一波行情的高潮，但大飞机主题后期还会有新舟700支线客机的首飞，C919前期已经积累了比较多的订单，后面会转化为产业链企业的收入和业绩，所以可能不会就是“一波流”，值得投资者持续关注。
　　7、中国联通(行情600050,买入)混改拟引入中国中信、中国广电：知情人士称，中国联通的混改主要思路是，通过定向增发扩股和转让旧股的方式对中国联通股权结构进行调整，联通集团持有中国联通股权由62.74%减至36%；引入初步备选对象是中国中信集团有限公司和中国广播电视网络有限公司等；引入互联网等领域的若干家境内非公企业及员工持股共占20.06%；公众股东占24.94%。评：千呼万唤终于等到了联通混改方案，相较之前的BAT入局来说，又新增了中国中信和中国广电，不排除两家未来有资产注入的预期。作为混改总龙头，联通方案的出炉，将刺激混改概念股上行。
　　8、新股：正海生物(行情300653,买入)、苏垦农发(行情601952,买入)今日中签缴款；秦安股份(行情603758,买入)（732758）、海鸥股份(行情603269,买入)（732269）和雷迪克(行情300652,买入)3只新股今日申购。
　　9、外盘：国际油价重挫拖累能源板块下跌，同时投资者斟酌美国国会众议院通过的特朗普医疗改革案，美股收盘涨跌互现；美联储货币声明暗示对美国经济前景抱有信心，从而推动美元汇率上涨，纽约黄金承压下跌1.6%报收1228.60美元，创七周以来最低收盘；利比亚恢复原油生产及美国原油产量提高担忧情绪令油价大幅下跌，将OPEC近8年来首次实行的减产协议提振几乎抹平，纽约原油重挫4.8%报收45.52美元，创去年11月29日以来最低收盘；欧洲市场投资者预计中间派候选人伊曼纽尔・马克龙将在本周日法国总统大选中获胜，同时壳牌及汇丰控股等一系列企业财报强势提振，泛欧斯托克600上涨0.7%报收397.98点，创自2015年8月以来最高收盘。
　　二、【市场温度】
<IMAGE SRC=""http://img.jrjimg.cn/2017/05/20170505052802057.jpg"" >
　　周四两市共48只涨停股，比周三少5只，自然涨停29只；11只股票跌停，其中ST股8只跌停，比周三少10只；涨幅超5%的个股89只，比周三少12只；跌幅超5%的个股44只，比周三少16只。累计成交4531亿，环比放量5%。
　　盘面还是雄安与一带一路的天下，经过周三大幅短暂的调整，雄安个股周四继续拉升，老龙头冀东装备(行情000856,买入)开启回调，带动先河环保(行情300137,买入)、创业环保(行情600874,买入)回落，但市场开始尝试做新龙头，青龙管业(行情002457,买入)、韩建河山(行情603616,买入)、首创股份(行情600008,买入)、中化岩土(行情002542,买入)的可能性最高，新老龙头无缝连接，雄安还是继续炒；5月中旬一带一路高峰论坛临近，相关板块进入最后表演阶段，建议保持警惕；国家队一季度持仓公布，万科、格力等被清仓套现，新进47只个股，中航动力(行情600893,买入)、绿地控股(行情600606,买入)、东兴证券(行情601198,买入)持有超过5亿，大幅增持银行股，民生银行增持超12%，建议关注国家队新进与增持个股的低吸机会。工程建设、水泥建材、环保等涨幅居前、航空、有色造船领跌。截至收盘，三大指数小幅微跌。
　　大盘继续维持修复行情，沪指盘中跌至3111点，与头肩底的左肩位置完全一样，构成完美对称后沪开启反弹，在3100点的“头肩底”结构有望获得证实，收盘收回3120点。现在需要重拾升势，收回3155点确认头肩底结构完成，就能期待反弹至3180点的B浪出现。板块上，继续关注雄安的低吸机会，次新股的短期超跌反弹。
　　三、【题材掘金】
　　央企混改：在3月31日改革专题会上，刘鹤要求抓好混合所有制改革试点，尽快批复实施试点方案。据媒体报道，多家央企传出混改进展：国航混改将以中国国际货运航空有限公司为平台，将国航和南航的货运业务进行重组，同时与中国外运长航集团（招商局下属国有控股公司）、顺丰速运（民营上市）、圆通速递(行情600233,买入)（民营上市）等快递物流企业进行混合，组建新的中国货运航空公司。
　　标的：中国联通、中国国航(行情601111,买入)、顺丰控股(行情002352,买入)、圆通速递
　　云计算：2017中国云计算技术大会（CCTC）将于5月18―19日在北京举行。4月工信部印发《云计算发展三年行动计划（2017-2019年）》，计划到2019年，云计算产业规模达到4300亿元，突破一批核心关键技术，服务能力达到国际先进水平；涌现2-3家在全球云计算市场中具有较大份额的领军企业。
　　标的：浩丰科技(行情300419,买入)、银之杰(行情300085,买入)、中昌数据(行情600242,买入)
　　绿色雄安概念：为确保按期完成国家下达的节能目标任务，河北省政府办公厅日前印发《河北省节能“十三五”规划》。根据规划，雄安新区定位为生态、绿色、智慧城市。机构认为，雄安新区被委以重任，随着雄安新区建设逐步展开，龙头效应逐渐显现，将引领节能环保产业快速发展。
　　标的：首航节能(行情002665,买入)、清新环境(行情002573,买入)、先河环保
　　雄安绿色交通：5月份，《保定市大气污染防治条例》正式实施。业内人士表示，“构建快捷高效交通网，打造绿色交通体系。”雄安新区有望成为国内首个以电动汽车行驶为主的城市，成为摘取“绿色交通城市”名片的首座城市。率先布局雄安的充电桩和电动汽车企业有望受益。
　　标的：特锐德(行情300001,买入)、渤海活塞(行情600960,买入)
　　维生素B：据中国饲料行业信息网监测，5月3日，全球最大的维生素B6（VB6）生产商天新药业出厂价上调10%至286元/千克，年初至今涨幅达到24%。国内市场饲料、医药等下游需求也呈现稳步增长。多重利好叠加，部分小品种维生素正进入景气提升周期。
　　标的：广济药业(行情000952,买入)、兄弟科技(行情002562,买入)、亿帆医药(行情002019,买入)
　　人工智能：第四届中国机器人(行情300024,买入)峰会暨智能经济人才峰会将于5月16日在宁波余姚开幕，今年峰会主题为“智能+时代，智胜未来”，将探讨人工智能发展新阶段以及与机器人的结合。在科技巨头纷纷发力、政策强力支持、下游需求逐步启动的背景下，人工智能正在进入产业爆发的拐点。
　　标的：科大智能(行情300222,买入)、科大讯飞(行情002230,买入)、赛为智能(行情300044,买入)
　　物联网：随着工信部对NB-IoT（窄带物联网）的大力推动，三大运营商加快了物联网生态的建设步伐。电信和联通也不甘落后。业内认为，物联网规模化商用正全面提速，产业即将爆发。
　　标的：润欣科技(行情300493,买入)、新天科技(行情300259,买入)、三川智慧(行情300066,买入)
　　苹果无线充电：据报道，苹果最新专利“双频天线的无线充电和通信系统”通过美国专利局审核。随着行业巨头纷纷进场，无线充电技术研发有了明显提升，并逐渐在消费电子类产品领域开始商用。业内人士表示，如果苹果公司采用这一技术，将对行业产生巨大的推动作用。
　　标的：横店东磁(行情002056,买入)、顺络电子(行情002138,买入)
　　稀土：近期受下游磁材需求提升等因素推动，市场供应偏紧，稀土价格出现反弹。数据显示，3日氧化铕大涨近7%，近一周涨幅达18.5%，氧化铽、金属镨钕、氧化镨钕等品种也出现不同程度上涨。
　　标的：北方稀土(行情600111,买入)、广晟有色(行情600259,买入)、盛和资源(行情600392,买入)
　　四、【上市公司】
　　晚间重要公告
　　北方创业(行情600967,买入)：证券简称5月10日起变更为“内蒙一机”
　　万福生科(行情300268,买入)：拟收购国星股份部分股权
　　中电广通(行情600764,买入)：重大资产重组方案获国资委批复
　　华鼎股份(行情601113,买入)拟29亿收购跨境电商通拓科技
　　渤海活塞：拟更名并向子公司注入活塞资产
　　恒康医疗(行情002219,买入)：拟近17亿并购澳大利亚影像诊断公司
　　赤天化(行情600227,买入)：控股股东拟发行不超16亿元可交换债券
　　科林环保(行情002499,买入)：资产出售重大事项构成重大资产重组
　　鸿博股份(行情002229,买入)：拟5.36亿收购手心游戏100%股权
　　[上市公司利润分配]
　　亿联网络(行情300628,买入)年报推10派18元 股权登记5月11日
　　奥马电器(行情002668,买入)年报推10转18派2.5元 股权登记5月10日
　　雄帝科技(行情300546,买入)年报推10转15派5元 股权登记5月10日
　　北纬通信(行情002148,买入)年报推10转12派1.1元 股权登记5月11日
　　横河模具(行情300539,买入)年报推10转12派0.92元 股权登记5月10日
　　新宙邦(行情300037,买入)年报推10转10派5元 股权登记5月11日
　　亿纬锂能(行情300014,买入)年报推10转10派1.2元 股权登记5月10日
　　扬子新材(行情002652,买入)年报推10转送6派1元 股权登记5月10日
　　方大集团(行情000055,买入)年报推10转5派3.5元 股权登记5月11日
　　华通医药(行情002758,买入)年报推10转5派1.1元 股权登记5月11日
　　中航光电(行情002179,买入)年报推10转3派1元 股权登记5月11日
　　久其软件(行情002279,买入)年报推10转3派0.3元 股权登记5月10日
　　万向钱潮(行情000559,买入)年报推10送2派1元 股权登记5月10日
　　五粮液(行情000858,买入)年报推10派9元 股权登记5月11日
　　豪迈科技(行情002595,买入)年报推10派3.75元 股权登记5月11日
　　帝王洁具(行情002798,买入)年报推10派3元 股权登记5月11日
　　福星股份(行情000926,买入)年报推10派2.5元 股权登记5月10日
　　德赛电池(行情000049,买入)年报推10派2.5元 股权登记5月10日
　　达威股份(行情300535,买入)年报推10派2.3元 股权登记5月10日
　　苏宁环球(行情000718,买入)年报推10派2元 股权登记5月11日
　　亚威股份(行情002559,买入)年报推10派1.75元 股权登记5月12日
　　江阴银行(行情002807,买入)年报推10派1.5元 股权登记5月11日
　　飞天诚信(行情300386,买入)年报推10派1元 股权登记5月10日
　　水晶光电(行情002273,买入)年报推10派1元 股权登记5月11日
　　三峡新材(行情600293,买入)：拟将10转10下调为10转5
　　[投资事宜]
　　健帆生物(行情300529,买入)：拟投资5亿元在武汉建血液净化项目
　　龙力生物(行情002604,买入)：参股公司石墨烯中试生产线建成并投产
　　乐山电力(行情600644,买入)控股子公司参与联合投标污水处理项目建设
　　美丽生态(行情000010,买入)：子公司签署重大分包合同
　　四川路桥(行情600039,买入)：今年前4个月累计中标金额接近百亿
　　永安药业(行情002365,买入)年产3万吨牛磺酸食品添加剂项目获环评批复
　　蒙草生态(行情300355,买入)预中标PPP项目
　　新联电子(行情002546,买入)中标1.05亿元国家电网公司采购项目
　　[其他事项]
　　新城控股(行情601155,买入)：1-4月销售金额约322亿 同比增长92%
　　*ST新都股票存终止上市风险提示
　　东北证券(行情000686,买入)被责令暂停开展代销金融产品业务6个月
　　楚江新材(行情002171,买入)收到政府扶持奖励资金2080万元
　　济民制药(行情603222,买入)收到全资子公司分红款2000万元
　　华统股份(行情002840,买入)收到全资子公司分红款1800万元
　　温氏股份(行情300498,买入)：4月猪肉销价及销售额环比同比双双下降
　　宇通客车(行情600066,买入)：1-4月客车累计销量同比降27%
　　汇鸿集团(行情600981,买入)董事长唐国海因涉嫌严重违纪 接受组织审查
　　中海科技5日起证券简称变更为“中远海科(行情002401,买入)”
　　[增持减持]
　　增持
　　泰尔股份(行情002347,买入)：部分中层及骨干员工增持2.11%公司股份
　　凯迪生态(行情000939,买入)：员工持股计划累计购买逾2145万股
　　*ST海润(行情600401,买入)：董事长夫妇拟不低于1亿元增持公司股票
　　英唐智控(行情300131,买入)：已累计回购1122万股公司股份
　　国发股份(行情600538,买入)：控股股东增持465万股 占比1%
　　东方明珠(行情600637,买入)：文广集团累计增持392.8万股 拟继续增持
　　必康股份(行情002411,买入)：实控人单日耗资2.5亿元增持
　　创业软件(行情300451,买入)拟回购不超1.5亿元股份以实施员工持股计划
　　乐普医疗(行情300003,买入)：董事长增持95.52万股
　　复星医药(行情600196,买入)：董事斥资约1051万元增持37万股
　　炼石有色(行情000697,买入)：实控人增持48万股 不排除继续增持
　　减持
　　世嘉科技(行情002796,买入)：两股东拟合计减持不超6.75%股份
　　中飞股份(行情300489,买入)：股东高新投拟减持不超180万股 占比1.98%
　　*ST钱江(行情000913,买入)：股东汇洋企业减持850万股 占比1.8742%
　　润欣科技：股东欣胜投资减持350万股 占比1.17%
　　恒华科技(行情300365,买入)：股东泽润投资减持176万股 占比1%
　　美利云(行情000815,买入)：中国新元终止减持计划并承诺半年不减持
　　方正电机(行情002196,买入)控股东提前终止减持计划 承诺6个月内不减持
　　五、【交易提示】
　　停牌个股
　　*ST 油工：8日起撤销股票退市风险警示 5日停牌一天
　　金科股份(行情000656,买入)：筹划现金购买房地产重大资产 5日起停牌
　　云南旅游(行情002059,买入)：要约收购期限届满，尚未收到收购人出具的要约收购结果，5日起停牌。
　　复牌个股
　　鹏起科技(行情600614,买入)：公司收到虚假合同总经理许明景涉嫌伪造公章 5日复牌
　　无锡银行(行情600908,买入)：公司静态市盈率与同行业相比偏高 5日复牌
　　金一文化(行情002721,买入)：重组方案及相关文件无需补充披露 5日复牌
　　解禁股个股
　　智慧农业(行情000816,买入)：（24750.00万股，占总股本17.44%）
　　申万宏源(行情000166,买入)：（13905.00万股，占总股本0.69%）
　　亚夏汽车(行情002607,买入)：（9881.42万股，占总股本21.68%）
　　新研股份(行情300159,买入)：（4961.05万股，占总股本3.33%）
　　天银机电(行情300342,买入)：（3571.00万股，占总股本8.36%）
　　步 步 高：（3157.19万股，占总股本3.65%）
　　新 时 达：（1572.87万股，占总股本2.54%）
　　英 威 腾：（1170.88万股，占总股本1.55%）
　　泰豪科技(行情600590,买入)：（826.95万股，占总股本1.24%）
　　正海磁材(行情300224,买入)：（710.96万股，占总股本0.85%）
　　恺英网络(行情002517,买入)：（297.00万股，占总股本0.41%）
　　安洁科技(行情002635,买入)：（103.00万股，占总股本0.26%）
　　开元股份(行情300338,买入)：（14.05万股，占总股本0.04%）",媒体新闻,358591746611864663_0_320073,A股头条：3信号显示市场资金趋紧,兄弟科技,1
"　　【盘面总结】
　　周四沪深两市双双小幅低开,指数低开低走于3111点附近企稳,雄安概念全线走强,助指数震荡回升;题材上环保、互联网+、智能+等均有不错表现,中小创板陆续翻红并领跑指数。午后股指在一带一路的带动下一度冲击至五日均线,但是成交量依然不足,指数冲高回落,券商持续走低,雄安降温,各大指数均以绿盘报收。周四收盘,上证指数报跌0.25%,成交量2002亿元,深成指数报跌0.36%,成交量2529亿元,创业板报跌0.13%,两市共涨停47只,跌停4只。
　　【技术分析】
　　沪指日K收十字假阳星,继续受制于5日均线,成交量继续微幅放大。从近3根十字星走势来看,一方面说明多空双方势均力敌,另一方面从振幅逐渐加大来看,说明随着时间的推移,多空双方正耗尽耐心,随时开启最后的决斗,做出方向选择。战舰在方向选择上还是站队红军一方,理由如下:一,以史为鉴,2638点以来历次政策性打压后,往往余震破前低都是新起点,之后都是收复失地走势;二,连续暴跌近200点,风险集中释放,而低位持续低交投已横盘7个交易日,收集不到筹码,继续大幅做空能力有限;三,本轮暴跌以政策市表征,但资金的逻辑或是超级主力高抛低吸调仓换股的暗渡陈仓之际,中小创继续得到资金持续流入,一旦启动有望新一轮结构性牛;四,长远看,A股无论横向比较,还是纵向观察都是地板区域中,如果惧怕前面跌宕的山岩,生命就永远只能是死水一潭。综上所述,股指变盘渐行渐近,坚定信心捂住廉价筹码,涨时多一份小心,跌时多一份信心。市场改变的只是形态,改变不了公司的盈利能力和成长能力,而散户投资者还如诗句“等闲变却故人心,却道故人心易变”不断改变战略方向,只会在情绪化的反复中不断让本金缩水。
　　【操作策略】
　　我们没有能力改变市场,只能改变自己的投资行为,通过仓位的动态调节来应对市场变化,建议维持6成仓位高抛低吸,周五关注沪指3111点支撑,3155点压力,高抛低吸,短线关注雄安、次新及智慧城市概念股的交易机会。另外,海鸥股份（603269）、秦安股份（603758）和雷迪克（300652）5月5日网上申购,申购代码为732269、732758和300652,不要浪费免费的“彩票”机会。
　　年轻的时候经历种种磨难并不是件可怕的事情。经历过的事情,挫折也好,忧伤也罢,都会成为你生命中最宝贵的财富。坚持下去,你会发现这个世界上真正能够打败你的,只有你自己。战舰一直坚持用技术来解读指数的走势,仰不愧于天,俯不怍于人!无论分析的对错,请结合自己经验加工分析,赞成就多点个赞,反对请一笑而过!
　　【消息淘金】
　　※园区循环化改造获力挺 环保企业迎广阔市场空间 　 　 　 　 利好循环经济天翔环境（300362）
　　※三大运营商积极抢跑物联网规模化商用全面提速 　 　 　 　 利好NB-IoT 　新天科技（300259）
　　※河北发布节能十三五规划绿色雄安引领万亿产业发展 　 　 　利好节能环保中材节能（603126）
　　※保定首个环保法规治理大气 雄安绿色交通引领汽车电动化 利好绿色交通渤海活塞（600960）
　　※维生素B族涨价潮蔓延行业进入景气度提升周期 　 　 　 　 　 利好维生素B 　兄弟科技（002562）
　　※下游磁材需求提升而供应偏紧稀土价格反弹 　 　 　 　 　 　 利好稀土永磁银河磁体（300127）
　　※苹果无线充电专利落地 产业处于爆发前夜 　 　 　 　 　 　 　 利好无线充电横店东磁（002056）
　　※人工智能行业盛会将开 科技巨头争相布局 　 　 　 　 　 　 　 利好人工智能赛为智能（300044）
　　【公告淘金】
　　---------重组、增持及其他----------
　　★必康股份:实控人单日耗资2.5亿元增持
　　★泰尔股份:部分中层及骨干员工增持946万股公司股份 占比2.11%
　　★创业软件:拟回购不超1.5亿元股份以实施员工持股计划
　　★东方明珠:控股股东完成亿元增持 拟启动新一轮亿元增持计划
　　★*ST海润 :董事长夫妇拟不低于1亿元增持公司股票
　　★复星医药:公司总裁吴以芳今日增持1051万元
　　★国发股份:股价五天跌超三成 控股股东火速实施增持计划
　　★英唐智控:已累计耗资9815万元回购1122万股公司股份
　　★*ST油工:5月8日起撤销股票退市风险警示
　　★渤海活塞:拟更名并向子公司注入活塞资产
　　★龙力生物:参股公司石墨烯中试生产线建成并投产
　　★鸿博股份:拟5.36亿元收购移动游戏服务商手心游戏
　　★蒙草生态:预中标14.34亿元生态建设PPP项目
　　【热点龙头】雄安 次新 　智慧城市",媒体新闻,11789873485330771973_0_590324,【战舰早评】等闲变却故人心 却道故人心易变,兄弟科技,1
"　　据中国饲料行业信息网监测，5月3日，全球最大的维生素B6生产商天新药业出厂价上调10%至286元/千克，年初至今涨幅达到24%。目前，部分生产商因环保问题停止报价并出现发货延迟，市场整体价格上涨明显。今年3月，天新曾提高维生素B1出厂价，涨幅5%-7.5%，目前VB1价格坚挺。天新药业VB1和VB6产能全球占比分别达36%和70%，拥有定价权。
　　早在3月20日，天新药业提高维生素B1报价，其中硝酸B1报价400元/公斤，盐酸B1报价430元/公斤，涨幅分别达到5%和7.5%。去年11月底，天新药业曾提高维生素B1报价20元/公斤。
　　维生素多个品种掀涨价潮，主要原因一是环保压力不断增大，环保部部长陈吉宁两会期间表示，环保部今年计划再开展1-2次整个区域的专项督查，4月起将对浙江等维生素生产大省进行督察；二是原料上涨明显，这对产品价格形成支撑；三是维生素小品种行业供需格局随供给侧改革推进逐步改善，有利于盈利水平稳步向上。
　　兄弟科技主营品种维生素B1、B3、K3，由于维生素价格已上涨，公司一季报表现亮眼，公司实现营业收入为2.85亿元，较上年同期增7.63%，实现归母净利润为6553.7万元，较上年同期增96.92%。同时公司公告预计1-6月可实现归母净利润1.48亿-1.68亿，同比增加120%-150%。另外，公司年产13000吨维生素B3和年产5000吨泛酸钙项目即将达产，将为公司提供新的收入增长点。另外公司于16年新增苯二酚及其衍生物、碘造影剂及其中间体建设项目，均为较高壁垒化工及医药中间体领域。其中，苯二酚及其衍生物广泛应用于食品、饲料、医药、化妆品等多个应用领域；碘造影剂及其中间体产品广泛应用于X射线造影检查。
　　亿帆医药B5 生产技术达到国际领先水平，是B5 供给端的绝对巨头企业。并且公司医用原料药销售网络辐射欧、美等多个国家和地区，全球市场占有率40%-45%。在2016年以维生素B5 为主的原料药业务实现营收11.26亿元，同比增长98.92%，营业利润8.19亿元，同比增长277.70%。一季度报告期公司维生素B5等原料药产品价格较上年同期相比增长较大，使经营业绩同比增长。",媒体新闻,4451707772583775039_0_494283,维生素B族涨价潮蔓延 行业进入景气度提升周期,兄弟科技,1
"　　股市热点：维生素C价格上涨概念股全体活跃（名单）
　　受停产导致供应偏紧影响，近期维生素C价格持续上涨，维生素C价格上涨引发A股市场中相关概念股市场活跃，东北制药、兄弟科技、北大医药、华园生物、安迪苏、广济药业、亿帆医药等概念股早盘呈现市场活跃，其中东北制药盘中逆势大涨3%以上，兄弟科技盘中涨幅近2%，北大医药、华园生物等盘中呈现小幅上涨，其他概念股受市场调整影响呈现小幅下跌，盘中概念股涨跌互现。
　　【消息面】据测数据显示，2月以来国内饲料级维生素C市场价格持续上涨，累计涨幅约40%。其中，鲁牧工商5月2日每吨报价6.5万元，较4月26日的6.3万元上调3.2%。受环保影响，企业装置开工低位运行，部分厂家停产，市场库存逐渐减少，维生素C供应逐渐趋于紧张。	　　南方财富网微信号：南财
共2页:
上页
1
2
下页",媒体新闻,2328326513541500150_0_590281,股市热点：维生素C价格上涨概念股全体活跃（名单）,兄弟科技,1
" 事件：
    公司发布2017年半年度报告，上半年实现营业收入6.54亿，同比增28.6%实现归母净利润1.54亿，同比增129%，综合毛利率48.36%。预计Q1~Q3归母净利2.43~2.72亿元，同比增150%~180%。
    投资要点：
    维生素产品涨价，公司盈利大幅改善
    今年上半年维生素行业受环保监管影响供给收紧，多种维生素价格大幅上涨，其中公司主营的V-B1、V-B3、V-K3产品上半年市场均价较16年同比涨幅分别为18.2%、72.5%、167.5%。受维生素涨价影响，公司上半年盈利大幅改善，上半年公司维生素产品实现营收4.94亿元，占总收入76%，毛利率同比提升23.9pct至58%，带动公司整体毛利率由16年同期31%增加至48.4%。
    定增项目下半年临近投产，江西二期按原计划进行
    公司是目前全球最大的维生素K3供应商，全球前三的维生素B1供应商，球前四的维生素B3供应商，公司15年定增项目包括13000吨VB3、年产500吨VB5项目、2万吨3-氰基砒啶目前已进入调试阶段，随着定增项目的逐步完工，公司将进一步提升维生素B3市场占有率，同时也将成为全球维生素B5的主要供应商之一，在目前VB-3、VB-5良好的供需格局及价格基础下预计下半年有望进一步增厚公司业绩。此外，江西二期三个项目（苯二酚项目、碘造影剂项目、研发中心项目）虽然再融资新政影响发生变化，但公司通过可转债方案按原计划继续推进二期项目。
    盈利预测及估值
    预计2017~2019年公司EPS分别为0.59、0.72、0.86，对应最新股价PE分别为26.9、22.1、18.5，维持“推荐”评级。
    风险提示。原料价格波动大、维生素价格波动大、新增产能不及预期",媒体新闻,15137992604082251057_0_590318,半年报点评：行业景气依旧，全年业绩可期,兄弟科技,0
"   事件：公司发布2017年半年度报告，2017年上半年实现营业收入653，68万元，同比增长28.61%；归母净利润15，447万元，同比增长129.42%。
    维生素大幅提价促业绩高增长：公司2017年上半年归母净利润大幅增长的原因主要是维生素产品提价带来的收益，而这轮提价始于环保收紧后供给端的收紧。2017年以来，随着环保部门加大对京津冀周边地区的督查力度，多个原料药生产大省也被列为重点督查对象。不少企业因环保不达标被限产或停产，减少了维生素的供应，从而导致维生素的快速涨价。相应地，公司维生素产品的平均毛利率由2016年上半年的34.13%飙升至58.04%。同时，由于维生素供应的减少，下游企业大量补库存，反过来又刺激了维生素销售额的增长，导致2017年二季度公司营业收入同比增长51.57%，环比增长28.67%。目前维生素的产能主要在中国，海外市场的竞争压力相对较小，毛利率也更高，因此公司近年来积极拓展国际市场，销往国外的产品比重逐年增长，2016年开始海外的销售额超过了国内，今年上半年差距进一步拉大，这也是引起毛利率增高的一个因素。
    皮革化学品业务影响驱小：公司的另一个业务板块――皮革化学品2017年上半年的销售额同比维持稳定，但由于市场竞争加剧等原因，毛利率同比下降了6个百分点。皮革化学品近年来对公司利润贡献的比重越来越小，2017年上半年仅为5.40%，对公司的业绩影响不大，预计未来会进一步缩小。受益于本轮维生素提价，公司今年的归母净利润同比增幅预计超过100%。
    环保监管不断加强，维生素价格有望持续坚挺：公司目前的维生素系列产品主要是维生素B1、维生素B3（烟酰胺和烟酸）、维生素K3和维生素B5（泛酸钙）。根据Wind数据，(1)维生素B1的价格自2014年二季度开始进入增长周期，本轮价格的强势增长已维持了3年，超高速增长的阶段已过，目前价格增速有所放缓；(2)维生素B3的价格此前几年间始终处于低位，2016年四季度至2017年一季度末价格处于增长期，2017年二季度开始趋于稳定。公司目前维生素B3的产能是5000吨，在建的产能有13000吨，即将投产。由于公司一次性向市场注入大量的维生素B3供应量，预计未来维生素B3价格将会有所回调；(3)维生素K3的价格自2016年二季度末达到历史低点后一直高速上涨，目前增速有所放缓，但仍处于增长周期；(4)维生素B5的价格自2016年以来总体趋于快速增长，目前已达到500元／千克，是历史低点的10倍。公司的5000吨维生素B5生产线即将投产。目前市场上总产能在27000吨左右，随着公司产能的注入，预计维生素B5的价格会有所下降。总体来看，公司主要的几种维生素产品的价格目前均处于上行周期，虽然公司维生素B3和B5产能的释放会对市场价格带来一些负面影响，但现在正处于国家严格控制环境污染的时期，未来环保政策也将持续收紧，导致一些污水、废气等处理能力弱的小企业无法生存，因此即使未来维生素的价格出现回落，也有望保持在较高水平，对公司来说是长期利好。
    投资建议：我们预测公司2017年至2019年每股收益分别为0.73、0.92和0.96元。综合考虑目前投资偏好，我们维持公司买入一A评级，6个月目标价为18.25元，相当于2017年25倍的市盈率。
    风险提示：环保风险，市场竞争加剧，维生素价格波动。",媒体新闻,13417593807760377367_0_590318,涨价驱动业绩爆发，环保收紧利好有望持续,兄弟科技,0
