keywords,sentence,article_no,source,title or content
老板电器,不妨来参加老板电器电商发起的“818粉丝趣游节”，一起游走杭州“美食天堂”,0,媒体新闻,c,1
老板电器,为感谢粉丝对老板电器一如既往的支持与信赖，老板电器电商特推出此次“818粉丝趣游节”,0,媒体新闻,c,1
老板电器,老板电器电商第一届“818粉丝趣游节”即将启程，只要在老板电器电商平台购买过厨电产品的用户都可报名，老板电器将会挑选一批幸运粉丝参加本次“818粉丝趣游节”,0,媒体新闻,c,1
老板电器,文化要切身处地才能领略到它的奇妙，老板电器电商此次“818粉丝趣游节”将与粉丝一同探寻良渚文化村，领略良渚文化与现代文化有机融合之妙,0,媒体新闻,c,1
老板电器,科技改变生活，感受老板电器智能厨电新体验老板电器专注高端厨电38年，把中国悠久的饮食文化与先进的科学技术相结合，让每个家庭都享受到由精湛科技带来的轻松烹饪体验,0,媒体新闻,c,1
老板电器,818粉丝趣游节，带你走进老板电器智能制造基地，体验未来智能新厨电，换一种方式和角度来感受精湛科技的美感，让粉丝感受来自高新科技带来的生活变革,0,媒体新闻,c,1
老板电器,老板电器“818粉丝趣游节”，将带领粉丝探索来自杭州市井、宫廷美食，畅享千年美食之旅,0,媒体新闻,c,1
老板电器, G20国宴大厨带你趣烹饪，殿堂级手艺亲传亲授特色各异的饮食文化需要传承，老板电器的厨源文化为中华饮食文化的传承与推广起到至关重要的作用,0,媒体新闻,c,1
老板电器,此次“818粉丝趣游节”，G20国宴大厨现身老板电器厨源店，和粉丝面对面互动比赛，让参与者体验厨房烹饪的乐趣；殿堂级手艺亲传亲授，教粉丝用精湛的厨电产品更轻松地做出个性化、创造性的美食,0,媒体新闻,c,1
老板电器, 心动不如行动，赶紧来报名吧8月18日，趣游、趣玩、趣学全在老板电器电商“818粉丝趣游节”，还不赶紧报名参加,0,媒体新闻,c,1
老板电器,只要将你在老板电器电商平台购买产品的订单截图+姓名+联系方式+所在城市，发送至“老板电器电子商务”官方微信【robamEC】，即可报名成功,0,媒体新闻,c,1
老板电器,8月10日，“老板电器电子商务”官方微信会统一公布此次趣游节之旅的幸运粉丝名单,0,媒体新闻,c,1
老板电器,老板电器电商818粉丝趣游节，妙趣启程！,0,媒体新闻,t,1
老板电器,　　入池MSCI，行业龙头、稀缺标的给予估值溢价：今年上半年，MSCI明晟宣布将中国A股纳入MSCI新兴市场指数与MSCIACWI全球指数，家电板块美的电器、青岛海尔、老板电器率先入池,1,媒体新闻,c,1
老板电器,2015和2016年老板电器吸油烟机均为全球吸油烟机自有品牌市场份额第一，是全球厨电龙头公司，并且目前是国内厨电行业上市公司中唯一一家定位高端品牌的企业，能够给予估值溢价,1,媒体新闻,c,1
老板电器,　　老板电器厨电龙头业绩延续高增长　　厨电龙头业绩延续高增长,3,媒体新闻,c,1
老板电器,　　老板电器2017H1 实现业绩6.0 亿元，YoY+41.4%;扣非后业绩5.5 亿元，YoY+34.4%,3,媒体新闻,c,1
老板电器,　　老板电器2017H1 实现收入32.0 亿元，YoY+26.6%;归母净利润6.0 亿元，YoY+41.4%;EPS0.63 元,3,媒体新闻,c,1
老板电器,　　老板电器为厨电龙头企业，市场份额保持扩张，业绩保持8 年40%以上高速增长,3,媒体新闻,c,1
老板电器,老板电器厨电龙头业绩延续高增长,3,媒体新闻,t,1
老板电器,老板电器:H1业绩增四成，嵌入式将全面高增长,5,媒体新闻,t,1
老板电器,　　事件：　　老板电器发布2017半年报，2017年H1公司营业收入31.97亿元，同比增长26.63%，扣非净利润达到5.5亿元同比增长34.35%,7,媒体新闻,c,1
老板电器,　　经营分析　　行业龙头地位深化，高端厨电格局稳固：17H1老板电器油烟机和燃气灶销售额增速分别为12.06%和7.64%，显著高于行业增速（6.88%和4.31%），两者的零售额市占率分别达到26.3%（YoY+1.3pct）和23.3%（YoY+0.6pct），公司的龙头地位正随着行业集中度提升愈发牢固,11,媒体新闻,c,1
老板电器,截止今年6月，老板电器烟机均价4478元/台（YoY+7.1%），公司计划在未来3年将研发费用占比由目前的3.5%左右提升至5%，品牌壁垒叠加创新驱动将逐步扩大公司在高端厨电领域的领先优势,11,媒体新闻,c,1
老板电器,预计老板电器2017-19年净利润分别为15.5、19.8、25.0亿元，对应摊薄EPS1.6、2.1、2.6元，对应PE为25.7、20.1、15.9倍,11,媒体新闻,c,1
老板电器,　　与家电大白马擦肩而过的股民，可以看看这只股价4年翻了10倍（前复权、最低价与最高价相比）；连续7年营收增速逾25%；连续8年净利增速逾40%的家电牛股老板电器(行情002508，诊股),12,媒体新闻,c,1
老板电器,　　7月26日晚，老板电器交出半年成绩单,12,媒体新闻,c,1
老板电器,老板电器中报显示，香港中央结算公司（深股通）持有3358.38万股，占总股本3.54%，相比一季度大幅增持1331.5万股，受到外资追捧,12,媒体新闻,c,1
老板电器,　　2017年上半年，老板电器力争尽快实现吸油烟机销售额市场份额30%的目标，进一步确立核心产品的优势，同时加快嵌入式产品推进步伐，迅速提升嵌入式产品的配套率,12,媒体新闻,c,1
老板电器,　　中怡康数据显示，今年上半年，老板电器油烟机零售额增速12.06%，比行业增速6.88%高近一倍，市场份额达到26.27%；燃气灶同期零售额增速7.64%，高于行业增速4.31%,12,媒体新闻,c,1
老板电器,上半年老板电器烟灶市场份额位于行业第一,12,媒体新闻,c,1
老板电器,老板电器作为龙头企业，市场份额不断提升，预期烟灶产品的业绩将持续增长,12,媒体新闻,c,1
老板电器,　　营收数据看，上半年老板电器来自吸油烟机的营收达17.60亿元，占营收总额55.04%，比重最高；燃气灶营收8.55亿元，占比26.75%，紧随其后,12,媒体新闻,c,1
老板电器,可见烟灶仍是老板电器的营收龙头,12,媒体新闻,c,1
老板电器,　　从营收增长率看，嵌入式洗碗机营收同比大增945.44%，营收金额2753万元；嵌入式蒸汽炉同比增长107.37%，营收金额8384万元，可见嵌入式新品已成为老板电器战略要点,12,媒体新闻,c,1
老板电器,　　上半年，老板电器7个主要产品有4个市场地位为第一，另外3个市场地位排第三,12,媒体新闻,c,1
老板电器,老板电器作为行业白马企业，新品类收入增速有望进一步提升,12,媒体新闻,c,1
老板电器,　　对于洗碗机等厨卫新品的发展态势，老板电器今年5月在投资者关系活动记录中表示，目前中国家庭厨房以烟灶为主，渗透率最高的是灶具，其他厨房电器品类渗透率非常低，洗碗机预计未来会有较大的提升，但实现与烟灶相当的配比率可能性不大,12,媒体新闻,c,1
老板电器,　　上半年新增网点1325家　　目前，老板电器一线城市销售比重为18%到20%；二线城市销售比重约占40%，三四线城市所占份额为40%到42%,12,媒体新闻,c,1
老板电器,　　中报显示，2017年上半年，老板电器新增网点1325家，其中专卖店559家；截至2017年6月底，共有代理商88个，专卖店2467家，乡镇网点2727家,12,媒体新闻,c,1
老板电器,同时，老板电器上半年与恒大、万科、碧桂园等多家地产商均成功续签，其中ROKI智能厨房系统成功中标万科智能厨房高端产品线，CCS在全国签约建立18个示范项目,12,媒体新闻,c,1
老板电器,　　老板电器预计今年1到9月净利润8.42亿至9.82亿元，同比增长20%到40%,12,媒体新闻,c,1
老板电器,”就未来业绩走势，老板电器也承认，公司产品扎根厨房，提供嵌入式厨房电器整体解决方案,12,媒体新闻,c,1
老板电器,"<IMAGE SRC=""http://i7.hexun.com/2017-07-26/190200140.jpg"" >杭州老板电器股份有限公司　　和讯股票（微信号：istocknews）消息老板电器(002508，股吧)7月26日晚间发布公告称，杭州老板电器股份有限公司（以下简称“公司”）第三届监事会任期将于 2017年",13,媒体新闻,c,1
老板电器,   老板电器公告唐根泉、张惠芬简历：　　唐根泉先生，汉族，1960年10月出生，中国国籍，无境外永久居留权；大专学历，工程师,13,媒体新闻,c,1
老板电器,老板电器推举唐根泉张惠芬为监事 前者曾任生产三部部长,13,媒体新闻,t,1
老板电器,证券代码：002508 证券简称：老板电器公告编号：2017-039杭州老板电器股份有限公司关于召开2017年第二次临时股东大会的通知本公司及董事会全体成员保证公司公告内容的真实、准确和完整，并对公告中的虚假记载、误导性称述或者重大遗漏承担责任,14,媒体新闻,c,1
老板电器,根据《公司法》、《深圳证券交易所股票上市规则》和《公司章程》等有关规定和要求，杭州老板电器股份有限公司（以下简称“本公司”或“公司”）决定召开公司2017年第二次临时股东大会，现将有关事宜通知如下：全体股东均有权出席股东大会，并可以书面委托代理人出席会议和参加表决，该股东代理人不必是公司的股东,14,媒体新闻,c,1
老板电器,2、会议登记办法：（1）登记时间：2017年8月11日（上午9:30―11:30，下午14:00―17:00）（2）登记地点：杭州老板电器股份有限公司董事会办公室（杭州市余杭区余杭经济开发区临平大道592号）（3）登记办法：①法人股东登记必须持营业执照复印件、法定代表人资格的有效证明或者法定代表人授权委托书（详见附件）、股东账户,14,媒体新闻,c,1
老板电器,杭州老板电器股份有限公司董事会2017年7月27日 附件一：参加网络投票的具体操作流程一、通过深交所交易系统投票的程序1、投票代码：362508,14,媒体新闻,c,1
老板电器, 附件二：授权委托书兹委托 先生（女士）代表本人（本单位）出席杭州老板电器股份有限公司2017年第二次临时股东大会并行使表决权,14,媒体新闻,c,1
老板电器,[股东会]老板电器:关于召开2017年第二次临时股东大会的通知,14,媒体新闻,t,1
老板电器,　　老板电器(行情002508，诊股)发布2017年半年度报告，营业收入31.98亿元，同比增长26.63%；归属于上市公司股东的净利润5.98亿元，同比增长41.37%；基本每股收益0.63元,15,媒体新闻,c,1
老板电器,老板电器：中报业绩同比增四成 股东户数大幅增长,15,媒体新闻,t,1
老板电器,网友纷纷被老板电器的科技所折服，微博得到了网友一万七千多次转发和九千多条评论,16,媒体新闻,c,1
老板电器,值得一提的是，老板电器近期推出的悦界系列油烟机67A1，同样玩出“新花样”，在细微处尽显创意，在功能上技术升级，让科技与生活融合,16,媒体新闻,c,1
老板电器,"<IMAGE SRC=""http://img1.utuku.china.com/554x0/jykx/20170726/b66af9da-1695-473d-90a3-04bb34e02945.png"" >创意引领新科技老板电器从不缺乏创意，在去年，老板电器就与果壳网开展合作，对洗碗机进行产品测评，面对“顽固的燕麦残留”、“强硬的茶垢”、“凶狠的油烟”等清洗对象，展示了洗碗机强大的清洗能力",16,媒体新闻,c,1
老板电器,如今，老板电器又与螃蟹科技合作挑战“特斯拉”，通过油烟机的强大吸力，将蜂窝板牢牢吸住，通过绳子牵引，拉动重量2000kg的特斯拉,16,媒体新闻,c,1
老板电器,创意不止于此，在产品的研发上，老板电器不留余力,16,媒体新闻,c,1
老板电器,这可谓细微之处显创意，生动诠释了老板电器“创造人类对厨房生活的一切美好向往”的企业使命,16,媒体新闻,c,1
老板电器,在今年3月的AWE展会上，老板电器全球首发的“第4代2倍风压大吸力油烟机”，一举拿下“风量之最”、“风压之最”和“能效之最”三个最高指标，这一切都是技术进化的结果,16,媒体新闻,c,1
老板电器,老板电器悦界系列油烟机67A1：玩出科技新花样,16,媒体新闻,t,1
老板电器,不得不提老板电器，中国厨电巨头，除了在厨电领域雄踞一方，其烹饪造诣极高，是首个向海外输送中国饮食文化的厨电企业,17,媒体新闻,c,1
老板电器,老板电器在完成优质产品的同时，也不忘扛起自己“走出去”的责任，通过厨源文化的传播，让世界了解中式餐饮，从而认识中国制造的强大,17,媒体新闻,c,1
老板电器,厨源――中华饮食文化的传承者老板电器的厨源文化，来自于中国杭州市余杭县的良渚文化，距今已有5300-4000年历史,17,媒体新闻,c,1
老板电器,同样在这片良渚文化的土壤中诞生的老板电器，也希望能够把中国民族的传统美食传承下去、传递出去,17,媒体新闻,c,1
老板电器,直到今年，老板电器已在全国多地开设多家厨源体验馆，并入驻苏宁100家门店,17,媒体新闻,c,1
老板电器,早在2012年，老板电器便开始打造厨源文化，希望将中华民族饮食文化推广出去,17,媒体新闻,c,1
老板电器,"GE SRC=""http://img2.utuku.china.com/650x0/jykx/20170718/2bcfc42e-a54d-4685-86c2-8a6a5a7e9329.jpg"" >(老板电器IFA厨源体验馆)厨源――老板电器厨电产品走向世界的推动者2015年，世界权威市场调查机构欧瑞国际(Euromonitor)发布的一份全球自有品牌吸油烟机调查报告显示，老板电器吸油烟机品牌零售",17,媒体新闻,c,1
老板电器,产品与厨源文化并行，老板电器打造中国高端厨电,17,媒体新闻,t,1
老板电器,前段时间，老板电器“618疯狂卡路里”活动为用户打造了“运动+美食”的精彩购物体验，用户们可能由于工作繁忙错过了购买心仪厨电产品的机会,18,媒体新闻,c,1
老板电器,为了让用户们继续享受品质服务，老板电器在6月29日―30日期间，携手苏宁易购举办大牌粉丝日，致力于为广大忠实粉丝提供贴心服务与高品质厨电,18,媒体新闻,c,1
老板电器,"<IMAGE SRC=""http://img0.utuku.china.com/494x0/jykx/20170628/6b0a67ff-8806-4a1c-88e8-91f46bc5acbd.jpg"" >老板电器大牌粉丝日已连续举办数月，每月都有惊喜呈现，尤其是趣味活动，在享受优质购物体验之余，还能率先体验新产品新功能，享受每一次尊贵对待",18,媒体新闻,c,1
老板电器,揣着一元能做什么?不管是纸币还是硬币，只要存在就有意义，花一元就能买到心满意足，花一元就能带给自己轻松烹饪，这就是老板电器大牌粉丝日的吸粉魅力!在大牌粉丝日活动期间，消费者只需花费一元购买“一元福袋”，就能尊享到老板电器推出的尊享粉丝特权，订单满3000、4000、5000元，可凭一元特权福袋就能换购厨房五件套、八件套等礼品,18,媒体新闻,c,1
老板电器,"<IMAGE SRC=""http://img1.utuku.china.com/494x0/jykx/20170628/aea00e4e-f349-4238-a77e-5198e4f21e4b.jpg"" >老板烟灶套装：烟机26A8B+灶具56B0另外，消费者凡在苏宁易购上购买老板电器厨电产品，即可享受全购免远程费，偏远可报销远程费",18,媒体新闻,c,1
老板电器,贴心十足的老板电器还为消费者提供了保价服务，30天内商品价格发生变动可补回差价,18,媒体新闻,c,1
老板电器,一元换取的不仅是老板电器粉丝专属的特权，而是一种享受高端厨电产品带来的优质服务,18,媒体新闻,c,1
老板电器,“精湛科技，轻松烹饪”作为老板电器一直恪守的烹饪理念，让更多忠实的粉丝回归到厨房，享受厨房烹饪的乐趣,18,媒体新闻,c,1
老板电器,老板电器深知消费者的需求，以科技创新的手段打造高端产品，满足实用性的同时，营造绿色健康的厨房生态圈，提高消费者的烹饪体验,18,媒体新闻,c,1
老板电器,"<IMAGE SRC=""http://img3.utuku.china.com/529x0/jykx/20170628/238fa923-cda8-4859-9663-8810e9397c36.jpg"" >老板烟灶套装：烟机27A3+灶具56B0/烟机66A2+灶具56B0高端厨电的品牌老板电器举办大牌粉丝日的初衷，旨在于让更多的中国家庭体验到厨房烹饪的乐趣",18,媒体新闻,c,1
老板电器,同时，老板电器潜心建构的绿色厨房生态圈――ROKI智能烹饪系统将厨电产品联动为一个紧密的整体，让烹饪不再复杂，可以让用户从繁忙的厨房事务中抽身而出，将时间留给家人、留给朋友、留给自己,18,媒体新闻,c,1
老板电器,老板电器携手苏宁办大牌粉丝日 尊享厨电专属特权,18,媒体新闻,t,1
老板电器,老板电器作为中国厨电行业的明星企业，公司的产品力、品牌力、营销力铸就了持续的竞争优势，市场零售额、零售量均保持领先优势地位,19,媒体新闻,c,1
老板电器,老板电器的嵌入式烤箱、蒸汽炉、微波炉零售额分别增长21.66%、20.73%、31.74%，均位列行业第三,19,媒体新闻,c,1
老板电器,老板电器16年度业绩表现良好，公司凭借其产品的高端定位与行业的龙头领先优势，持续保持快速增长,19,媒体新闻,c,1
老板电器,老板电器:消费行业,19,媒体新闻,t,1
老板电器,为了让更多人参与到运动的队伍中、让运动爱好者挑战自我，老板电器携手四大运动健康APP：“咕咚”、“小米运动”、“Feel”、“骑记”举办“疯狂卡路里――卡路里兑换计划”活动，通过步数签到、挑战骑行里程、以及点亮四大勋章来兑换老板电器厨房美食和神秘大礼,20,媒体新闻,c,1
老板电器,而“疯狂卡路里――卡路里兑换计划”这个活动，正是老板电器为每一个坚持运动的人做出的实际行动，努力运动是有回报,20,媒体新闻,c,1
老板电器,同样，作为高端厨电品牌的老板电器一直坚持着“精湛科技，轻松烹饪”的烹饪理念，努力打造厨房生态圈――ROKI智能烹饪系统，旨在改善烹饪环境，让人们运动之后能够回归到厨房，轻轻松松就可以体验到厨房“运动”的乐趣,20,媒体新闻,c,1
老板电器,"/ln/pics/hv1/19/223/2217/144217309.jpeg"" >自6月8日起，在咕咚、Feel 与小米运动APP中，用户可在活动专区找到“疯狂卡路里”的界面，点击“疯狂参与”加入由老板电器号召的“社交+运动”活动中，每天登录AP完成6000步的步数签到任务即可，连续签到还可获得抽取海量奖品的机会",20,媒体新闻,c,1
老板电器,此外，用户点亮“炫耀达人”、“真爱粉”、“互动达人”和“疯狂卡路里终极达人”四大勋章即可获得由高端厨电品牌老板电器提供的限量奖品，先到先得，赶快来领取吧,20,媒体新闻,c,1
老板电器,活动期间，老板电器在四大运动APP长期开放派送优惠券，让运动者可以享受到各类产品的优惠折扣，提醒人们积极参与运动的同时，也不忘回归厨房与美食做一场“运动”,20,媒体新闻,c,1
老板电器,老板电器618运动计划 一万种可能与李诞狂欢,20,媒体新闻,t,1
老板电器,    本报记者程k报道　近日，老板电器与苏宁易购“侧吸大吸力战略发布会暨新品首发”发布会在南京苏宁总部举办，此次发布会的主题是“原力感应，吸引未来”，借助老板电器第4代侧吸式大吸力油烟机的新品发布，打开侧吸式油烟机细分品类市场的全新局面,21,媒体新闻,c,1
老板电器,　　据悉，会上出席的嘉宾有苏宁易购集团厨卫公司总裁王冬、杭州老板电器股份有限公司营销副总裁陈伟、杭州老板电器股份有限公司全国销售总监庞廷杰、中怡康时代市场研究有限公司总经理贾东升,21,媒体新闻,c,1
老板电器,　　此次召开侧吸大吸力的发布会，意味着老板电器将在保持欧式烟机领先优势及新品类迅猛发展的基础上，进一步整合资源，正式打响侧吸油烟机领域的攻坚战,21,媒体新闻,c,1
老板电器,　　王冬透露，苏宁在2017年将会与老板电器展开一系列合作计划，包括在IP方面的品牌合作以及售后服务方面的深度拓展，“原力感应　吸引未来”作为战略合作的契机，必将会在终端、产品、服务上打造前所未有的新体验，以迎接消费者的需求，将侧吸大吸力油烟机打造成双方合作规模快速增长的第三引擎,21,媒体新闻,c,1
老板电器,　　老板电器营销副总裁陈伟表示，未来厨房生活通过厨房电器产品不断向智能化方向发展，为消费者打造更高颜值、智能的厨房空间，给用户轻松有趣的烹饪生活,21,媒体新闻,c,1
老板电器,老板电器联手苏宁,21,媒体新闻,t,1
老板电器,"老板电器联手苏宁，创造侧吸油烟机智能感应新时代2017年06月15日 星期四A28  南京城事・热线_ 扬子晚报_扬子晚报网<IMAGE SRC=""http://epaper.yzwb.net/tpl",22,媒体新闻,c,1
老板电器,  线下共构新体验，两巨头打造新消费格局  去年，苏宁易购联合老板电器召开“厨源”的战略合作发布会，截止五月底，双方在各地共建成厨源店113家,22,媒体新闻,c,1
老板电器,  苏宁在2017年将会与老板电器展开一系列合作计划，包括在IP方面的品牌合作以及售后服务方面的深度拓展，“原力感应 吸引未来”作为战略合作的契机，必将会在终端、产品、服务上打造前所未有的新体验,22,媒体新闻,c,1
老板电器,  北京中怡康时代市场研究有限公司总经理贾东升预测，2017年老板电器侧吸式油烟机5610将大卖，主要体现在三个方面，首先是老板电器“原力掌控烟机”的卖点，利用专利悬浮感应技术，创造厨房新体验；其次是超劲芯5.0的高性能，能够让吸油烟机在0.9秒内提速至20m/,22,媒体新闻,c,1
老板电器,"29版：二手房 第A30版：二手房 第A31版：二手房 第A32版：2017龙虾节孕妇带女儿酒驾 被查自诩能喝5斤银泰公益中国近现代史 青年学者研习营结业式在溪口举行妻子怀孕想吃酸 他骑车上高速摘李子老板电器联手苏宁，创造侧吸油烟机智能感应新时代餐饮店燃气泄漏事故近期多发金轮新天地616年中庆 全场美食吃多少送多少父爱如山 孝行天下日一二三四五六<IMAGE SRC=""http://epaper.",22,媒体新闻,c,1
老板电器,老板电器联手苏宁，创造侧吸油烟机智能感应新时代,22,媒体新闻,t,1
老板电器,6月13日，老板电器两款侧吸式油烟机旗舰新品5610、5700双双亮相,23,媒体新闻,c,1
老板电器,"老板侧吸旗舰新品苏宁首发掀起大吸力风暴<IMAGE SRC=""http://www.bt.chinanews.com/2017/0614/U513P955DT20170614192130.jpg"" >(老板侧吸旗舰新品亮相苏宁易购)本次发布会，老板电器带来侧吸大吸力油烟机旗舰新品5610和5700",23,媒体新闻,c,1
老板电器,搭载老板电器悬浮专利技术，配合创新智能感应窗，消费者只需挥一挥手，便可自动感应开机和调节风量,23,媒体新闻,c,1
老板电器,数据显示，1-5月，老板电器在苏宁全渠道销售同比增长超过30%，线上销售规模增长超过100%，领跑厨电品类,23,媒体新闻,c,1
老板电器,北京中怡康时代市场研究有限公司总经理贾东升表示，大风量市场份额过半，老板电器居于领先地位,23,媒体新闻,c,1
老板电器,在苏宁智慧零售“产品向上 渠道向下”的支撑下，老板电器可以通过苏宁2.8亿会员大数据分析，打造出更多针对用户痛点的商品,23,媒体新闻,c,1
老板电器,据悉，双方将持续整合现有的产业资源，借助苏宁体育、苏宁文创影视等IP项目，提升品牌影响力；同时结合苏宁厨卫 “省心装”服务，共同推进“物流配送可视化”、“售后安装可视化”的项目，提升用户体验，力争实现老板电器年度销售高规模的增长,23,媒体新闻,c,1
老板电器,苏宁易购、老板电器强强联合，构建智能厨房生态圈此次苏宁与老板电器强强联合，共同助推老板侧吸油烟机新品首发亮相，为侧吸油烟机在全国的推广体验普及吹响了号角,23,媒体新闻,c,1
老板电器,事实上，苏宁一直在拓展与老板电器的产品升级体验计划,23,媒体新闻,c,1
老板电器,早在去年7月，苏宁联合老板电器开启“厨源”战略合作,23,媒体新闻,c,1
老板电器,苏宁易购与老板电器的战略发布意味着双方合作再度升级,23,媒体新闻,c,1
老板电器,上新货更快 老板电器两旗舰新品亮相苏宁易购年中庆,23,媒体新闻,t,1
老板电器,　　老板电器（002508）近日在接待多家机构调研时表示，公司下一步要首先巩固强势品类的市场地位，在接下来三年在销量上实现每年15%至20%的增长；嵌入式品类三年内保持每年不低于50%的销售收入增长,24,媒体新闻,c,1
老板电器,此外，老板电器透露今年计划新开300-400家专卖店，主要集中在三四线城市；公司新一期的股权激励正在酝酿中,24,媒体新闻,c,1
老板电器,老板电器：今年计划新开300-400家?专卖店 新一期股权激励正酝酿,24,媒体新闻,t,1
老板电器,活动由社会创新型企业BottleDream与联合国粮食与农业组织共同举办，高端厨房电器领导品牌老板电器作为宇宙创变伙伴鼎力支持，以创新、科技的方式践行“不浪费”的美德,25,媒体新闻,c,1
老板电器,"<IMAGE SRC=""http://img0.utuku.china.com/562x0/jykx/20170605/1babebc5-3df0-4645-8b2d-d17ca5cd4b2b.jpg"" >专注于厨房领域，用科技改变生活老板电器首席品牌官叶丹M在接受访问时表示：本次活动多个领域中的“创变”者来到现场进行演讲，是“创变”的理念和“创变”的精神让大家走到一起",25,媒体新闻,c,1
老板电器,老板电器是厨电垂直领域科技、设计创新推动者,25,媒体新闻,c,1
老板电器,老板电器专注于在厨房电器这个领域里，发现其实在人们日常烹饪过程中都产生了大量浪费，比如空气、水源、能源等等，这些都是我们能够去改变的,25,媒体新闻,c,1
老板电器,经过38年不懈钻研和探索，老板电器希望通过科技的力量，打造引领时代的优质产品，去改变这种现象,25,媒体新闻,c,1
老板电器,"<IMAGE SRC=""http://img3.utuku.china.com/510x0/jykx/20170605/9fd414ee-046b-48f6-9794-c7a53c16feeb.jpg"" >2016年老板电器率先提出“绿色智能厨房生态”，倡导厨房电器向着智能互联、节能高效的方向发展",25,媒体新闻,c,1
老板电器,与此同时，老板电器所生产的灶具有效地提高了热负荷，使得热效率可高达73%，远超国家一级标准(中国燃气灶品类一级能效标准为63%),25,媒体新闻,c,1
老板电器,老板电器所生产的洗碗机比手洗最多可节水80%，同时配备多种智能模式，可根据实际使用情况进行选择，有效避免能源的浪费,25,媒体新闻,c,1
老板电器,老板电器专注于厨房领域，从产品性能上减少烹饪过程中产生的浪费,25,媒体新闻,c,1
老板电器,肩负社会责任，发扬创新精神谈到社会创新的问题，叶丹M表示：推动社会创新是老板电器高度重视的，将会把对此类活动的支持工作常态化,25,媒体新闻,c,1
老板电器,老板电器对自己的社会责任有一个很明确认识，社会责任分为几个阶段开展，分别是1.0、2.0、3.0,25,媒体新闻,c,1
老板电器,老板电器超级工场向社会收集来自厨房这个空间里的来自科技创新的智慧，也会通过这样的平台提供资源去孵化这样的创变者，创变的精神，和创变的作品,25,媒体新闻,c,1
老板电器,老板电器相信这是一件非常有意义的事情，会持续去做的事情,25,媒体新闻,c,1
老板电器,老板电器创造人们对厨房生活的一切美好向往,25,媒体新闻,c,1
老板电器,厨房创变者|老板电器以科技打造绿色厨房生态,25,媒体新闻,t,1
老板电器,与此同时，老板电器成为首批入选浙江制造的企业之一，也是首批入选的厨电品牌,26,媒体新闻,c,1
老板电器,"<IMAGE SRC=""http://img1.gtimg.com/ln/pics/hv1/65/92/2214/143988875.png"" >作为首批“浙江制造”品牌企业，“老板电器一直重视产品创新、技术创新与品牌建设，以智能制造为发展动力，打开行业变革的新局面",26,媒体新闻,c,1
老板电器,”老板电器总裁任富佳表示,26,媒体新闻,c,1
老板电器,作为高端厨房电器领域的龙头企业，老板电器肩负代表“中国制造”、“浙江制造”的重责，面对“浙江制造”的品牌升级，老板电器的制造实力与品牌是如何双管齐下?“浙江制造”含金量极高，老板电器为首批入选名单“浙江制造”品牌备受政府重视、目标清晰且长远，高规格的认证要求进一步升级浙江制造品牌,26,媒体新闻,c,1
老板电器,老板电器深耕高端厨电38年，凭借自身制造实力、品牌实力以及行业影响力多方面优势成功入选首批“浙江制造”企业，紧随浙江经济发展的步伐,26,媒体新闻,c,1
老板电器,老板电器，作为“浙江制造”厨电企业的代表参与本次吸油烟机对比活动,26,媒体新闻,c,1
老板电器,活动结果显示，在全压效率、噪声、常态气味降低度指标上，老板电器所代表的中国厨电企业产品优于“德国制造”产品,26,媒体新闻,c,1
老板电器,产品研发方面，老板电器瞄准绿色厨房生态,26,媒体新闻,c,1
老板电器,老板电器研发的CCS中央油烟净化系统，针对公共烟道排烟问题，尤其在烹饪高峰期各家各户排放的油烟容易堵塞烟道的情况下，容易造成厨房回烟串味,26,媒体新闻,c,1
老板电器,除此之外，老板电器发力洗碗机、净水器等产品，关注厨房“水、空气、食物”与人之间的关系，打造绿色智能厨房生态圈,26,媒体新闻,c,1
老板电器,老板电器肩负着浙江制造的重任，面向中国制造2025，老板电器将带领中国厨电行业迈出第一步，但是这第一步，是稳健的一大步，也是通往未来制造强国的一大步,26,媒体新闻,c,1
老板电器,“浙江制造”树中国标杆，老板电器创新研发助品牌升级,26,媒体新闻,t,1
老板电器,　　作为家电领域为数不多专注于厨房电器的企业，老板电器（002508）也在2016年交上了一份满意的“答卷”：全年实现营业收入57.95亿元，同比增长27.56%，实现净利润12.07亿元，同比增长45.32%,27,媒体新闻,c,1
老板电器,难得的是，这已经是老板电器连续7年利润增长40%以上,27,媒体新闻,c,1
老板电器,在接受21世纪经济报道记者专访时，老板电器总裁任富佳表示，虽然去年销售额大幅增长一定程度上搭乘了房地产的“快车”，但是消费升级的“红利”也开始显现,27,媒体新闻,c,1
老板电器,”　　今年一季度，厨电领域继续保持了2016年的增长态势，老板电器也提出要在未来3年内实现年收入破百亿,27,媒体新闻,c,1
老板电器,不过，任富佳表示，这只是初期“小目标”，老板电器的长期战略仍是聚焦油烟机，创建智能厨房生态,27,媒体新闻,c,1
老板电器,”　　消费升级红利初显　　在年报中，老板电器表示，去年良好的业绩增长，除了公司产品开发及市场运营能力提升外，房地产市场的拉动也是重要因素,27,媒体新闻,c,1
老板电器,”　　受里斯“定位”战略影响，老板电器一直聚焦在“大吸力”吸油烟机系列产品上,27,媒体新闻,c,1
老板电器,　　除了吸油烟机，老板电器也在拓展其他厨电品类，重点发展的，便是嵌入式厨电设施，例如蒸箱、烤箱、洗碗机等,27,媒体新闻,c,1
老板电器,　　搭建厨电物联“小生态”　　“创领厨房生态，聚焦吸油烟机，嵌入式品类强势领先”是老板电器未来三年的发展战略,27,媒体新闻,c,1
老板电器,专注于厨电领域的老板电器在智能互联上也进行了初步探索,27,媒体新闻,c,1
老板电器,　　不过，老板电器要搭建的，不是立足于整个家电的“大生态”，而是聚焦在厨房的“小生态”,27,媒体新闻,c,1
老板电器,老板电器总裁任富佳： 消费升级大潮才刚开始 搭建厨电物联“小生态”,27,媒体新闻,t,1
老板电器,"<IMAGE SRC=""http://chart.jrjimg.cn/pngdata/kpic/pic430/002508.png"" >149 位投资顾问已告知老板电器(002508)后市如何操作立即查看　　老板电器(行情002508，诊股)股价上攻乏力，而高管也大幅减持，自4月20日创新高之后高位震荡，家电小龙头似乎气势锐减",28,媒体新闻,c,1
老板电器,今年以来，家电板块的高收益率也引起了市场不小的担忧，出现分歧，前期过大的涨幅使得老板电器上涨乏力，部分机构并不继续看好,28,媒体新闻,c,1
老板电器,　　股价无力再创新高 跌出上升通道　　4月20日，老板电器（002508）盘中再度创出历史新高，股价直逼60元,28,媒体新闻,c,1
老板电器,老板电器自上市以来股价就保持稳定地增长，而年初以来，增长的步伐明显加快，股价不断攀升创出新高，在大盘一波三折的行情中、在千股创出上证2638点以来新低的情况下“一枝独秀”，自然吸引资金跑步入场，加速了股价上行速度,28,媒体新闻,c,1
老板电器,然而涨幅累积越大，风险越高，资金也需要获利回吐，老板电器短期经历了大幅调整，原本向上的趋势已有进入下降通道的迹象,28,媒体新闻,c,1
老板电器,　　4年十倍大牛股 涨幅过大显疲态　　老板电器自2013年年初起，股价开始呈现稳步攀升态势，至今涨幅已超十倍，市值从上市之初的40多亿元到如今的近400亿元，是A股市场少有的大牛股,28,媒体新闻,c,1
老板电器,截至2016年年底，老板电器的净利润，已连续8年实现40%以上的增长,28,媒体新闻,c,1
老板电器,　　老板电器各类产品保持全面增长，其中嵌入式产品成为增长核心，包括烤箱、蒸箱、微波炉在内的产品零售量及零售额纷纷翻倍,28,媒体新闻,c,1
老板电器,5月15日，美的集团(行情000333，诊股)实际控制人何享健在三天前减持3232.84万股，套现金额超过11.2亿元；5月15日， 老板电器的实际控制人任建华以及十多位公司高层减持284.44万股，合计金额约1.078亿元,28,媒体新闻,c,1
老板电器,老板电器季报发布两周之后便迎来内部人员集体减持，且此次套现的老板电器高管中，多人均为创始人家族成员,28,媒体新闻,c,1
老板电器,　　深交所披露，5月15日，包括上市公司老板电器的实际控制人任建华在内的12位董监高级别高管，以大宗交易合计减持该公司股份，其中大部分的成交价格都在37.90元/股,28,媒体新闻,c,1
老板电器,　　减持风波+行业收益高估 老板电器不被看好　　业绩的靓丽挡不住高管抽身，老板电器将要面对的或许不仅是市场对于十倍涨幅的担忧，还有“自家人”是否看好股价成长空间,28,媒体新闻,c,1
老板电器,有评论表示，无论套现资金用于何处，在老板电器积累过多涨幅之后，股东选择在相对高位减持也属合理做法,28,媒体新闻,c,1
老板电器,减持的确会对股价形成一定的抛压，如今市场草木皆兵，减持的利空对于老板电器本就超涨的股价无疑是雪上加霜,28,媒体新闻,c,1
老板电器,股价上攻乏力 老板电器自家人套现跑路,28,媒体新闻,t,1
老板电器,智能家居的发展，少不了智能厨房生态，为了给消费者带来全方位的现代体验，老板电器作为首批与华为Hilink智能家居平台合作的厨电类品类，将与华为强强联手，打造智能家居时代的智能厨房生态,29,媒体新闻,c,1
老板电器,　　老板电器方面表示，本次接入华为的产品是老板油烟机8700，该产品采用了全新免拆洗技术，电机使用的是双劲芯3.0，可达到极速爆炒19m/min超大风量，全面掌控厨房油烟,29,媒体新闻,c,1
老板电器,老板电器接入华为HiLink智能家居平台后，消费者可以选择性使用华为Hilink系统或老板电器的ROKI智能烹饪系统，实现远程操控等多项功能,29,媒体新闻,c,1
老板电器,　　智能风口：老板电器率先联手华为　　在智能科技和移动互联网产业发展迅猛的今天，智能家居被认为是科技行业下一个风口,29,媒体新闻,c,1
老板电器,　　老板电器是首批与华为Hilink智能家居平台合作的厨电类品类，同时老板电器作为高端厨电的品牌代表，三十八年来深耕厨电领域，在技术研发和产品质量上都是行业卓越的代表,29,媒体新闻,c,1
老板电器,　　老板电器方面一早就在智能厨电领域布局，在本次接入华为Hilink智能家居平台后，后续将逐步扩大合作范围，拓展至灶具，消毒柜，烤箱，净水器等等厨电,29,媒体新闻,c,1
老板电器,　　老板智能厨房生态布局升级，瞄准“品质生活”　　老板电器在智能化布局上，最开始推出ROKI智能烹饪系统，瞄准的是烹饪需求,29,媒体新闻,c,1
老板电器,任何产品都需要有灵魂，老板电器厨电产品的灵魂贯穿在整个厨房体验里，而“烹饪”是老板电器给厨电赋予的最核心内涵,29,媒体新闻,c,1
老板电器,老板电器在帮助用户寻找烹饪乐趣的同时，也在不断革新产品功能与智能化水平，与华为的合作不仅仅是打开了远程操控的新局面，还是厨电物联、人机互联的重要阶梯，依靠自身ROKI烹饪系统的研发创新与华为云技术的实力，给用户提供了不同的操控选择,29,媒体新闻,c,1
老板电器,老板电器作为引领厨房品质生活升级的行业巨头，也在坚持以解决消费痛点为目标，将智能化更好的落地，让前、中、后端智能化水平再晋级，目前已经将ROKI搭载在嵌入式厨电众多系列，初步完成了产品互联的重要布局，与华为的合作，将会在未来大放异彩,29,媒体新闻,c,1
老板电器,引领厨电智能升级，老板电器与华为Hilink达成合作,29,媒体新闻,t,1
老板电器,　　老板电器携京东升级电商战略　　北京商报讯（记者 金朝力）5月25日，老板电器、京东商城联合在京举办“进化融合――老板电器2017电商趋势及新品发布会”，双方为打造“品质生活”进一步加深合作,30,媒体新闻,c,1
老板电器,在消费升级的浪潮下，老板电器主张打造高端化、品牌化、平台化生活平台,30,媒体新闻,c,1
老板电器,　　据悉，早在2014年，老板电器就与京东家电达成“共建厨电智能未来”的先进战略合作,30,媒体新闻,c,1
老板电器,时至今年老板电器从携手京东上演巅峰24小时，到开办理想生活实验室，从产品推广、供应链优化，到数据共享、产品个性化定制……长久以来的密切合作，使双方在不断促进与磨合中快速进化,30,媒体新闻,c,1
老板电器,老板电器携京东升级电商战略打造“三化”生活平台,30,媒体新闻,t,1
老板电器,　　老板电器的老板带头高位减持，涉嫌违规,31,媒体新闻,c,1
老板电器,　　不过，也有一些老板在股价创出新高后带头减持套现，老板电器的董高监们最近就上演了一次轰轰烈烈的“胜利大撤退”,31,媒体新闻,c,1
老板电器,　　富凯财经浏览深交所网站发现，老板电器在本月15日出现了多起大宗交易，以该公司实际控制人、董事长任建华为首的12位董高监，共计减持老板电器股份2844400股，成交价格多为37.9元/股，累计市值约为1.08亿元,31,媒体新闻,c,1
老板电器,与此同时，老板电器工作人员还向媒体表示，高管减持每年都会发生，去年6月份高管减持25%，今年才减持10%,31,媒体新闻,c,1
老板电器,　　不过，受此影响老板电器后市走势仍较低迷,31,媒体新闻,c,1
老板电器,　　老板电器在其2016年年报中也作出风险提示，房地产市场波动、原材料价格波动以及市场竞争加剧等，都将给老板电器经营业绩带来影响,31,媒体新闻,c,1
老板电器,作为主打中高端的老板电器，替代性需求很难被再次挖掘,31,媒体新闻,c,1
老板电器,　　除需求降温外，老板电器还在经历日益惨烈的同行竞争,31,媒体新闻,c,1
老板电器,　　虽然这对老板电器是好事，但更要看到，在经济形势下行中，众多厂商都在争抢这一诱人蛋糕,31,媒体新闻,c,1
老板电器,这无形中都增添了老板电器未来的竞争压力,31,媒体新闻,c,1
老板电器,　　有专家曾对媒体分析，老板电器未来要么走多品牌路线，要么扩大销售区或销售量,31,媒体新闻,c,1
老板电器,因此，对于老板电器来说，其最大的瓶颈应在于如何扩大销售规模,31,媒体新闻,c,1
老板电器,　　也许是对公司未来缺乏信心，也许是逢高出货寻找下一个目标，这个答案或在老板电器之前的公告中就能找到,31,媒体新闻,c,1
老板电器,　　富凯财经查阅公开信息，早在3月，两者就签署深度合作协议，老板电器成为恒大材料设备供应商,31,媒体新闻,c,1
老板电器,　　随后的5月5日，老板电器发布公告，公司拟以自有资金1亿元人民币，投资苏州工业园区睿灿投资企业，从而定向参与恒大地产的新增注册资本认购,31,媒体新闻,c,1
老板电器,不过，有投资者质疑，通过减持而非质押进行资金筹集，显然是想和上市公司撇清关系，其收益也就与老板电器没有太多关系,31,媒体新闻,c,1
老板电器,然而对于市场整体疲弱却没有新的热点可寻，这也成为老板电器前两日飘红的原因所在,31,媒体新闻,c,1
老板电器,老板电器瓶颈难破实控人带头违规减持套现后或投身许家印,31,媒体新闻,t,1
老板电器,然而，两家“白电龙头”美的集团和老板电器却遭遇内部人士减持，引起市场高度关注,32,媒体新闻,c,1
老板电器,”　　和美的集团类似的，是另外一家家电“白马股”DD老板电器,32,媒体新闻,c,1
老板电器,5月15日，老板电器12名董监高人员通过大宗交易和竞价交易方式集体减持，减持数量合计284.44万股，合计成交金额约1.078亿元,32,媒体新闻,c,1
老板电器,　　其中，老板电器董事长、实际控制人任建华减持65.81万股；董秘王刚减持19.22万股；高管何亚东、夏志明和张国富各减持13.73万股；董事任富佳减持43.92万股；董事任罗忠和赵继宏各减持31.47万股；董事沈国良减持26.08万股；监事唐根泉和张林永各减持12.35万股；另有证券事务代表沈萍萍以竞价交易方式减持5800万股,32,媒体新闻,c,1
老板电器,　　股价方面，老板电器5月17日低开，维持低位震荡，盘中最大跌幅达6.45%，最终报收40.9元，跌幅4.35%,32,媒体新闻,c,1
老板电器,　　在大盘自4月10日起跌跌不休的情形下，“白马股”逆市上涨，一批行业龙头个股如贵州茅台、格力电器、老板电器、美的集团、苏泊尔、中国平安等在接连大涨之后，股价更突破历史新高,32,媒体新闻,c,1
老板电器,老板电器、美的集团是近期A股市场较为认可的白马股，“自家人”的减持可能意味着估值已不便宜,32,媒体新闻,c,1
老板电器,美的集团老板电器遭内部人减持 白马股涨幅透支未来？,32,媒体新闻,t,1
老板电器,而这正发生在老板电器（002508）这家上市公司身上,33,媒体新闻,c,1
老板电器,　　11位高管减持套现上亿元　　据深交所最新公布的数据显示，5月15日，老板电器11位董监高人员和一位证券事务代表通过大宗交易和竞价交易方式集体减持，减持数量合计284.44万股，合计成交金额约1.08亿元,33,媒体新闻,c,1
老板电器,　　其中，老板电器董事长、实际控制人任建华减持65.81万股；董秘王刚减持19.22万股；董事任富佳减持43.92万股；董事任罗忠和赵继宏各减持31.47万股；董事沈国良减持26.08万股；监事唐根泉和张林永各减持12.35万股；高管何亚东、夏志明和张国富各减持13.73万股；同时，证券事务代表沈萍萍以竞价交易方式减持5800股,33,媒体新闻,c,1
老板电器,　　5月16日，老板电器又出现在大宗交易市场上，且卖方营业部与前一日高管集中抛售的营业部相同,33,媒体新闻,c,1
老板电器,　　数据显示，老板电器16日发生三笔大宗交易，成交价格均为38.48元/股，数量共计23.55万股，金额约906.21万元，卖方是 中信证券 长兴明珠路营业部、中信证券杭州迎宾路营业部，买方均是 华泰证券 北京雍和宫营业部,33,媒体新闻,c,1
老板电器,　　连续减持的消息曝光下，老板电器昨日低开，盘中一度跌至6.36%，收盘下跌4.35%，股价收于40.9元/股,33,媒体新闻,c,1
老板电器,　　“减持每年都有，今年或已结束”　　其他公司都在增持，为什么老板电器高管会减持，而且还是集体抛售,33,媒体新闻,c,1
老板电器,”　　资料显示，老板电器2016年净利润为 12.07亿元，同比增长45.76%；2017年一季度净利润同比增长54.28%，达2.52亿元,33,媒体新闻,c,1
老板电器,老板电器遭11位高管套现上亿元 三基金已在一季度减仓,33,媒体新闻,t,1
老板电器,    本报讯（记者  张钦）继前一天被曝出美的集团实际控制人何享健悄然减持3000多万股美的股票套现11亿多元后，前天另一家家电上市公司老板电器也披露多名公司高管在前一天同时减持公司股票，累计套现超过1亿元,34,媒体新闻,c,1
老板电器,根据业绩报告显示，目前老板电器经营状况正处于历史最好时期，那么为什么会出现高管集体减持,34,媒体新闻,c,1
老板电器,而且此次套现的老板电器高管中，多人均为创始人家族成员,34,媒体新闻,c,1
老板电器,    深交所网站前天的数据显示，5月15日，包括上市公司老板电器的实际控制人任建华在内的12位董监高级别高管，以大宗交易合计减持该公司股份284万多股，其中大部分的成交价格都在37.90元/股，累计套现约1.078亿元,34,媒体新闻,c,1
老板电器,    据北青报记者了解，此次减持量最大的任建华和任富佳是父子关系，任建华是老板电器创始人，此前曾担任董事长兼总经理,34,媒体新闻,c,1
老板电器,沈国良在当天也减持了26万多股老板电器股票,34,媒体新闻,c,1
老板电器,    对于多名高管尤其是多位家族内部人士同时减持公司股票，外界目前对其真实目的尚不得而知，但有知情人士向北青报记者表示，从目前老板电器的经营状况来看，家族成员显然不是抽身而退，因为上月末老板电器刚刚发布了今年一季度的业绩报告，公司营业收入同比大幅增长超过三成，净利润更是增长五成以上；而去年全年老板电器业绩也相当靓丽，全年净利润12亿元，同比增长接近50%,34,媒体新闻,c,1
老板电器,    另据北青报记者了解，外界猜测老板电器高管层集体减持公司股票很可能与其近期两份公告中披露的投资动向有关,34,媒体新闻,c,1
老板电器,本月5日，老板电器曾发布公告称计划参与竞拍位于杭州的一块工业用地的使用权,34,媒体新闻,c,1
老板电器,对于这块土地，老板电器给出的心理价位是不超过1亿元人民币，均由公司自有资金解决,34,媒体新闻,c,1
老板电器,此后一天，老板电器又发布公告，公司拟以1亿元人民币投资苏州工业园区睿灿投资企业，从而定向参与恒大地产的新增注册资本认购，以此获得恒大地产重组上市资本收益，并与恒大地产保持业务战略合作,34,媒体新闻,c,1
老板电器,据悉，目前大量老板电器的产品应用于恒大地产的楼盘,34,媒体新闻,c,1
老板电器,    按照这两个投资项目看，老板电器须自筹2亿元左右的资金，而此次高管集体减持市值仅为1亿元,34,媒体新闻,c,1
老板电器,老板电器高管集体减持 疑为投资恒大地产,34,媒体新闻,t,1
老板电器,　　证券时报网（www.stcn.com）05月17日讯　　继15日遭多名高管减持后，老板电器5月16日再遭监事张松年以大宗交易方式减持12.35万股，成交均价为38.48元,35,媒体新闻,c,1
老板电器,　　老板电器今日跌4.35%，收报40.9元；苏泊尔跌2.52%，收报47.59元,35,媒体新闻,c,1
老板电器,多只家电股遭减持 老板电器再遭抛售12.35万股,35,媒体新闻,t,1
老板电器,在投资者的追捧之下，不少家电类公司股价一路高涨，进而引发了部分公司大股东及高管的减持，两家白电龙头美的集团(行情000333，买入)和老板电器(行情002508，买入)即为最新案例，由此引起市场高度关注,36,媒体新闻,c,1
老板电器,　　深交所最新数据显示，5月15日，包括董事长任建华在内的老板电器12名董事、高管集体减持自家公司股票，减持数量合计284.44万股，合计成交金额约1.08亿元,36,媒体新闻,c,1
老板电器,其中，老板电器董事长、实际控制人任建华减持65.81万股；董秘王刚减持19.22万股；董事任富佳减持43.92万股；董事任罗忠和赵继宏各减持31.47万股；董事沈国良减持26.08万股；监事唐根泉和张林永各减持12.35万股；高管何亚东、夏志明和张国富各减持13.73万股；证券事务代表沈萍萍以竞价交易方式减持5800股,36,媒体新闻,c,1
老板电器,　　或受此消息影响，老板电器股价今日低开，维持低位震荡，盘中最大跌幅达6.45%，最终报收40.9元，跌幅4.35%,36,媒体新闻,c,1
老板电器,就在老板电器高管减持前不久，美的集团亦遭实际控制人何享健减持套现超过11亿元,36,媒体新闻,c,1
老板电器, 今年以来，在大盘温和上升和急速下行的转换中，老板电器、美的集团、格力电器(行情000651，买入)等一批高成长的家电“白马股”脱颖而出,36,媒体新闻,c,1
老板电器,截至目前，老板电器涨幅约46.49%；美的集团涨幅26.49%，股价更在近期创下历史新高,36,媒体新闻,c,1
老板电器,"<IMAGE SRC=""http://getimg.jrj.com.cn/images/2017/05/weixin/one_20170517215918524.jpg"" >　　老板电器今年以来走势图　　<IMAGE SRC=""http://getimg.jrj.com.cn/images/2017/05/weixin/one_20170517215920525.jpg"" >",36,媒体新闻,c,1
老板电器,延续去年的业绩增势，美的集团今年一季度实现的营业收入和净利润分别为597.56亿元、43.53亿元，同比分别增长55.85%、11.4%；老板电器一季度营收和净利润也同比分别增长33.98%、54.28%，在成本费用控制有效的条件下，公司预计今年1-6月实现盈利5.07亿元-5.92亿元，增幅20%-40%,36,媒体新闻,c,1
老板电器,白电龙头涨势诱人 美的、老板电器自家人减持闹哪样？,36,媒体新闻,t,1
老板电器,　　继美的电器创始人套现11亿元、老板电器（002508）12位内部高管人员套现1亿元之后，深交所数据显示，老板电器的监事张松年5月16日再次减持了12.35万股老板电器股份，成交均价38.48元/股,37,媒体新闻,c,1
老板电器,老板电器12名高层人员套现1亿元,37,媒体新闻,c,1
老板电器,受到减持影响，老板电器5月17日股价一度跌破40元大关，尾盘以40.9元报收，下跌4.35%，美的集团也下跌2.69%，走势低迷,37,媒体新闻,c,1
老板电器,家电股内部人套现不断 老板电器和苏泊尔高管再度减持,37,媒体新闻,t,1
老板电器,　　继5月15日，老板电器(行情002508，买入)多位内部高管人员合计减持股284.44万股后，5月16日监事张松年再次减持了123500股老板电器股份，成交均价38.48元/股,38,媒体新闻,c,1
老板电器,白马蓝筹老板电器和苏泊尔再遭内部人员减持,38,媒体新闻,t,1
老板电器,　　3、老板电器遭高管集体减持 股价跳水　　据深交所最新公布的数据显示，5月15日，老板电器（002508）董监高人员和证券事务代表通过大宗交易和竞价交易方式集体减持，减持数量合计284.44万股，合计成交金额约1.08亿元,39,媒体新闻,c,1
老板电器,17日财经要闻：IPO审核严防“病从口入” 实际否决率近三成、老板电器遭高管集体减持 股价跳水等,39,媒体新闻,t,1
老板电器,"<IMAGE SRC=""http://chart.jrjimg.cn/pngdata/kpic/pic430/002508.png"" >146 位投资顾问已告知老板电器(002508)后市如何操作立即查看　　金融界网站讯 继美的集团(行情000333，买入)被实控人减持套现逾11亿元后，5月15日，又一家电股――老板电器(行情002508，买入)遭公司高管人员大批量减持套现",40,媒体新闻,c,1
老板电器,5月17日，老板电器在无其他重大消息的影响下，当日盘中一度跌至6.5%左右，截至收盘下跌4.35%，成交量明显放大，成为该股上市以来的第二新高成交量,40,媒体新闻,c,1
老板电器,　　老板电器高管减持吓出巨量交易　　5月15日，老板电器董事长带领12名董监高人员减持284.44万股，合计成交金额约1.078亿元,40,媒体新闻,c,1
老板电器,　　老板电器长期来堪称白马股的典型代表，一直保持业绩的高速增速,40,媒体新闻,c,1
老板电器,　　与高速增长的业绩对应的是，老板电器的股价也是屡创新高，四年上涨超过5倍,40,媒体新闻,c,1
老板电器,申万宏源(行情000166，买入)甚至预测，在今年6月即将进行的成分股调整中，老板电器可能进入沪深300成分股,40,媒体新闻,c,1
老板电器,　　老板电器为何现在进行减持,40,媒体新闻,c,1
老板电器,金融界网站连线老板电器证券部，一位洛女士表示，近期的公司高管减持是持股计划和激励股的解禁，与上市公司经营无关,40,媒体新闻,c,1
老板电器,　　不过，在公司高管集体减持套现的消息下，老板电器5月16日股价表现异于往日，当日盘中一度跌至6.5%左右，截至收盘下跌4.35%,40,媒体新闻,c,1
老板电器,值得注意的是，当日约2697万股的成交量明显放大，成为继老板电器上市首日2773万股成交量之后的第二新高,40,媒体新闻,c,1
老板电器,　　为何有大量资金急于出逃老板电器,40,媒体新闻,c,1
老板电器,上述老板电器证券部洛女士表示，公司近期除了高管减持并无其他重大消息，而且高管今年不会再继续坚持,40,媒体新闻,c,1
老板电器,　　虽然上市公司一再强调公司高管减持与上市公司经营等并无关系，但仍不少投资者认为，“不管是美的集团还是老板电器的高管减持，都意味着内部人认为自己公司股价正处在不错的高抛范围,40,媒体新闻,c,1
老板电器,老板电器高管减持吓出巨量交易 家电股进入估值恐高?,40,媒体新闻,t,1
老板电器,"<IMAGE SRC=""http://e.thsi.cn/img/53d673a5ee123d34-1"" >　　近期，在监管层去杠杆的压力下，大盘持续走低，而家电板块美的集团（000333）、苏泊尔（002032）、 小天鹅A、格力电器（000651）、老板电器（002508）、华帝股份（002035）等多只股票却逆势上扬，股价创出新高",41,媒体新闻,c,1
老板电器,不过，美的集团、老板电器却接连宣布公司董监高减持公司股份,41,媒体新闻,c,1
老板电器,　　另外，根据深交所网站昨日数据显示，5月15日，老板电器12位董监高级别高管以大宗交易合计减持股份284.44万股，大部分成交价格在37.90元/股，据此计算该部分股票市值约1.078亿元,41,媒体新闻,c,1
老板电器,　　老板电器股价也在不断创新高，上市至今股价已涨750%,41,媒体新闻,c,1
老板电器,截至今日收盘，受减持消息影响，老板电器低开走低，收盘报40.90元，跌4.35%,41,媒体新闻,c,1
老板电器,监管层去杠杆 美的与老板电器接连宣布董监高减持,41,媒体新闻,t,1
老板电器,    17日老板电器股价低开后盘中跳水，跌幅超过7%，截至发稿股价跌5.43%，值得关注的是，该股近日成交显著放大,42,媒体新闻,c,1
老板电器,深交所数据显示，5月15日，老板电器（002508）12名董监高人员通过大宗交易和竞价交易方式集体减持，减持数量合计284.44万股，合计成交金额约1.078亿元,42,媒体新闻,c,1
老板电器,快讯：董监高集体减持 老板电器股价放量遭重挫,42,媒体新闻,t,1
老板电器,中国证券网讯 （记者 徐晶晶）据深交所最新公布的数据显示，5月15日，老板电器董监高人员和证券事务代表通过大宗交易和竞价交易方式集体减持，减持数量合计284.44万股，合计成交金额约1.08亿元,43,媒体新闻,c,1
老板电器,其中，老板电器董事长、实际控制人任建华减持65.81万股；董秘王刚减持19.22万股；董事任富佳减持43.92万股；董事任罗忠和赵继宏各减持31.47万股；董事沈国良减持26.08万股；监事唐根泉和张林永各减持12.35万股；高管何亚东、夏志明和张国富各减持13.73万股；同时，证券事务代表沈萍萍以竞价交易方式减持5800股,43,媒体新闻,c,1
老板电器,老板电器17日低开，截至发稿，公司股价跌幅逾5%；盘中一度跌至6.36%,43,媒体新闻,c,1
老板电器,"<IMAGE SRC=""http://tx1.cdn.caijing.com.cn/2014-03-27/114048455.jpg"" >(编辑：xunannan)关键字：跳水股价集体老板电器",43,媒体新闻,c,1
老板电器,老板电器遭高管集体减持股价跳水,43,媒体新闻,t,1
老板电器,一夜之间，老板电器（002508）突迎高层减持潮，共计12位,44,媒体新闻,c,1
老板电器,界面新闻记者在深交所网站上看到，老板电器于5月15日发生多起大宗交易，根据监管信息显示，系老板电器高管减持所为,44,媒体新闻,c,1
老板电器,回看老板电器的情况，堪称典型白马股,44,媒体新闻,c,1
老板电器,与业绩的不断增长相呼应，老板电器的股价也是屡创新高，前复权来看，自从2012年年底3.5元左右的价格，一路马拉松，到如今老板电器股价已然突破了40元大关，甚至在2017年4月20日股价冲击45.22元的历史高度，5年时间股价涨了10倍，但也恰恰是在这个时间点，由董事长带队进行了减持,44,媒体新闻,c,1
老板电器,”界面新闻记者以投资者身份致电上市公司公开电话，老板电器投资者关系办公司工作人员如是说,44,媒体新闻,c,1
老板电器,界面新闻记者看到，在2月16日老板电器曾发两份公告，一份为“关于限制性股票激励计划预留授予限制性股票第一个解锁期可解锁股份上市流通的提示性公告”，另一份为“关于限制性股票激励计划首次授予限制性股票第二个解锁期可解锁股份上市流通的提示性公告”，两份显示在2月17日将会有28.8万股（经历10转3，即目前37.44万股）和361.8万股（经历10转3，即目前470.34万股）限制性股票可上市流通,44,媒体新闻,c,1
老板电器,另外在2015年12月25日公告中可以看到，老板电器第一期核心管理团队持股计划于2015年12月24日实施完成，当时的数量为117.19万股（后经历10转5和10转3，即目前的228.52万股），锁定期12个月来看，其解禁时间就在2016年年底,44,媒体新闻,c,1
老板电器,因为界面新闻记者从大宗交易信息里看到，就在5月16日，中信证券长兴明珠路营业部和中信证券杭州迎宾路营业部，又在通过大宗交易的方式进行卖票，不排除是老板电器内部人士继续减持的行为,44,媒体新闻,c,1
老板电器,5月17日盘中，老板电器一度下跌幅度超过6%,44,媒体新闻,c,1
老板电器,一天减持284万股 老板电器高管集体套现过亿,44,媒体新闻,t,1
老板电器,　　深交所网站数据显示，2017年5月15日，老板电器（41.04 -4.02%，买入）高管以大宗交易批量减持股份，高管何亚东减持137300股，董事、高管任富佳减持439200股，董事任建华减持658100股，董事任罗忠减持314700股，董事,45,媒体新闻,c,1
老板电器,老板电器股票分析：002508遭减持284万股 股票市值约1亿,45,媒体新闻,t,1
老板电器,根据深交所最新董监高及相关人员股份变动披露，5月15日，老板电器遭到公司高层集体减持，其中，董事长任建华减持65.81万股，套现金额达到2494.2万元,46,媒体新闻,c,1
老板电器,每经投资宝（微信号：mjtzb2）注意到，老板电器股价4月20日刚刚创了历史新高的45.22元，5月5日，公司还迎来了行健资产管理的罗伟业和高观投资有限公司的程燕筠调研,46,媒体新闻,c,1
老板电器,老板电器在机构调研时表示，公司今年一季度电商销售占比则超过了30%，电商毛利率较高，其占比提升对整体毛利率的贡献较大；另外，公司产品结构调整不断优化中，已初显成效，公司高毛利率产品推广力度持续加大，也给毛利率带来了提升空间,46,媒体新闻,c,1
老板电器,其实，在老板电器股价不断走高的背后，公司前10大流通股东也在趁势减持，招商银行股份有限公司－富国低碳环保混合型证券投资基金今年一季度减持公司股份297.63万股，而另一家富国基金富国新兴产业股票型证券投资基金也减持了132.6万股，QFII挪威中央银行-自由资金更是退出了公司前10大流通股东之列，单季度减持股份超过200万股,46,媒体新闻,c,1
老板电器,老板电器两机构调研“前脚”刚走 12名董高监“后脚”减持284万股,46,媒体新闻,t,1
老板电器,深交所数据显示，5月15日，老板电器(002508)12名董监高人员通过大宗交易和竞价交易方式集体减持，减持数量合计284.44万股，合计成交金额约1.078亿元,47,媒体新闻,c,1
老板电器,今日早间，老板电器股价低开低走，盘中一度跌超6%，截至发稿，公司股价跌5.22%报40.53元,47,媒体新闻,c,1
老板电器,深交所数据显示，5月15日，老板电器(002508)12名董监高人员通过大宗交易和竞价交易方式集体减持，减持数量合计284.44万股，合计成交金额约1.078亿元,47,媒体新闻,c,1
老板电器,今日早间，老板电器股价低开低走，盘中一度跌超6%，截至发稿，公司股价跌5.22%报40.53元,47,媒体新闻,c,1
老板电器,董监高集体减持 老板电器早盘一度跌超6%,47,媒体新闻,t,1
老板电器,据深交所网站数据显示，5月15日，老板电器高管以大宗交易批量减持股份，总计284.44万股,48,媒体新闻,c,1
老板电器, 　　截至5月16日收盘，老板电器长1.54%，报42.76元/股,48,媒体新闻,c,1
老板电器,继美的集团之后 老板电器遭内部人员抛售套现逾1亿,48,媒体新闻,t,1
老板电器,深交所网站5月16日数据显示，5月15日，包括老板电器实控人任建华在内的12位董监高级别高管以大宗交易合计减持该公司股份2，844，400股，大部分成交价格在37.90元/股，据此计算该部分股票市值约1.078亿元,49,媒体新闻,c,1
老板电器,截至5月16日收盘，老板电器长1.54%，报42.76元/股,49,媒体新闻,c,1
老板电器,而据此前公开披露信息，老板电器实际控制人任建华曾于2015年12月通过南华老板电器增持1号资产管理计划增持公司股份24.91万股，约占公司总股本的0.05%，增持均价40.15元/股,49,媒体新闻,c,1
老板电器,而就在5月5日，老板电器曾公告，为了获得恒大地产重组上市资本收益及与恒大地产保持业务战略合作，公司5月4日与华信资本签订合伙协议，拟以自有资金向苏州工业园区睿灿投资企业(有限合伙)投资1亿元(不包括向华信资本缴纳的管理费)，定向参与恒大地产增资,49,媒体新闻,c,1
老板电器,家电股遭内部人员抛弃？老板电器12位高管减持套现逾1亿元,49,媒体新闻,t,1
老板电器,老板电器作为中国厨电行业的明星企业，公司的产品力、品牌力、营销力铸就了持续的竞争优势，市场零售额、零售量均保持领先优势地位,50,媒体新闻,c,1
老板电器,老板电器的嵌入式烤箱、蒸汽炉、微波炉零售额分别增长21.66%、20.73%、31.74%，均位列行业第三,50,媒体新闻,c,1
老板电器,老板电器16 年度业绩表现良好，公司凭借其产品的高端定位与行业的龙头领先优势，持续保持快速增长,50,媒体新闻,c,1
老板电器,消费行业卓越推：老板电器(002508),50,媒体新闻,t,1
老板电器,发布会汇聚了老板电器等厨房电器行业领先品牌,51,媒体新闻,c,1
老板电器,"<IMAGE SRC=""http://img03.imgcdc.com/grab/img/20170510/10901494421793.jpg"" >老板电器与天猫深度合作多年，不断挖掘厨房电器潜能，用科技让用户的生活变得更加轻松",51,媒体新闻,c,1
老板电器,在本次发布会中，老板电器营销副总裁蒋凌伟和智能产品总监王剑春分享了关于未来厨房图景――绿色智能厨房生态的设想,51,媒体新闻,c,1
老板电器,老板电器智能项目ROKI负责人王剑春表示，“未来厨房智能化不再只是简单的解放双手,51,媒体新闻,c,1
老板电器,"<IMAGE SRC=""http://img02.imgcdc.com/grab/img/20170510/45961494421793.jpg"" >发布会现场，老板电器电子商务部总监蒋凌伟针对“远见与未来”主题分享自己的心得，阐明了对未来厨房的看法和主张",51,媒体新闻,c,1
老板电器,专注高端厨电38年的老板电器与天猫在“未来厨房”的理念契合，共同打造智能厨房生态的目标，携手朝着智能化创新发展方向进发,51,媒体新闻,c,1
老板电器,老板电器的“厨源”通过构建厨房社交情感体验，打造新式美学厨房,51,媒体新闻,c,1
老板电器,老板电器智能厨房生态，引领着全球现代生活方式的潮流前沿，未来厨房将集智能科技、审美娱乐、社交性能于一身，让家庭生活时刻充溢着健康美好和乐趣,51,媒体新闻,c,1
老板电器,老板电器打造智能厨房生态，携手天猫发布未来厨房,51,媒体新闻,t,1
老板电器,7曹德旺120.6福耀集团福清147陈金霞120.6涌金集团上海150黄红云家族119.9金科股份重庆151仇建平家族119.3巨星科技杭州151帅放文家族119.3尔康制药长沙153任建华118.6老板电器杭州153丁世忠家族118.6安踏体育泉州155熊续强家族117.9宁波银亿集团宁波155丁世家117.9安踏体育泉州155朱林瑶117.9华宝国际香港158王来春116.6立讯精密深圳158,52,媒体新闻,c,1
老板电器,　　截至5月9日，今年陆股通入主标的平均股价涨幅6.26%，其中海康威视（002415）、西藏天路（600326）、老板电器（002508）、大族激光（002008）等十股期间涨幅超过30%；对比同期沪指、深指跌幅分别达到2.87%、0.74%，可谓完胜大盘,53,媒体新闻,c,1
老板电器,其中，持股比例最高的海康威视达到4.01%，位列第4大股东，其高为柳工（000528）、老板电器，均对应位居第2大股东,53,媒体新闻,c,1
老板电器,　　e公司记者对比3月31日和5月9日数据发现，一季度陆股通新进前十大股东的63家上市公司中，37家获继续加仓，其中大族激光自3月底以来股价上涨近21%，蓝思科技、苏珀尔、老板电器同期股价涨幅超过10%,53,媒体新闻,c,1
老板电器,　　另外，一季度陆股通成为白酒股泸州老窖（000568）、伊力特（600197）、口子窖（603589）和洋河股份前十大股东，成为家电股小天鹅A、老板电器、苏珀尔、九阳股份（002242）前十大股东，二季度来这些股全部获继续加仓，但依旧严控持股比例不超过5%，其中口子窖持股比例最高也仅止步于1.18%,53,媒体新闻,c,1
老板电器,不仅向人们展示这个时代有颜有脑有心机的“完美物种”――脑力型男人，也让与节目合作的惠氏S-26奶粉、老板电器、怡泉、新福特翼虎、天猫等大品牌首次体验了与“脑星人”的零距离接触,54,媒体新闻,c,1
老板电器,作为节目联合赞助商的老板电器大吸力油烟机在节目“一万种可能”环节中化身“除霾神器”，将干扰嘉宾的解题“迷雾”吸走,54,媒体新闻,c,1
老板电器,其中，电器机械13家(森源电气被增持，神力股份、金冠电气、老板电器被新进，盈峰环境、中利集团、通达股份、海洋王、华自科技、泰豪科技、美的集团、格力电器被持平，融钰集团被减持)，普通机械8家(湘电股份、和科达被增持，东方中科、海天精工、杭锅股份被新进，南方轴承、雪人股份被持平，大冷股份被减持),55,媒体新闻,c,1
老板电器,　　全景网5月10日讯  老板电器（002508）在最新披露的《投资者关系活动记录表》中表示，公司和恒大、万科、碧桂园多家等精装修楼盘签订意向协议,56,媒体新闻,c,1
老板电器,[公司]老板电器和恒大、万科、碧桂园多家等精装修楼盘签订意向协议,56,媒体新闻,t,1
老板电器,　　全景网5月10日讯  老板电器（002508）在最新披露的《投资者关系活动记录表》中表示，公司传统优势产品烟灶的市场量以每年5%左右的增幅增长，行业每年约5%的提价,57,媒体新闻,c,1
老板电器,[公司]老板电器：在传统优势产品上的增速快于市场总体水平,57,媒体新闻,t,1
老板电器,如果再将范围扩大的话，在中国制造入围“智造奖”的28件作品中，浙江占17件，分别来自浙江吉利控股集团、杭州老板电器、宁波欧琳集团、浙江大学、中国美术学院等企业和高校，品类涉及汽车、叉车、医疗设备、船舶、发电机、厨房设备等,58,媒体新闻,c,1
老板电器,"如果再将范围扩大的话，在中国制造入围""智造奖""的28件作品中，浙江占17件，分别来自浙江吉利控股集团、杭州老板电器、宁波欧琳集团、浙江大学、中国美术学院等企业和高校，品类涉及汽车、叉车、医疗设备、船舶、发电机、厨房设备等",59,媒体新闻,c,1
老板电器,虽然相比前面八家战略投资者每家动辄数十亿的认购额，老板电器、顾家家居、万和电器、友邦吊顶四家供应商共计11.025亿的出资无疑显得有点“小巫见大巫”，在恒大450亿的地产重组融资中似乎有点微不足道，但蚂蚁军团的寓言故事告诉人们，“不要小瞧蚂蚁的力量”,60,媒体新闻,c,1
老板电器,令人更为意外的是，瑞银集团一季度还大举卖出诸如海康威视（002415）、格力电器（000651）、洋河股份（002304）、老板电器（002508）这些“漂亮50”白马股,61,媒体新闻,c,1
老板电器,　　截至2016年末，瑞银位列19只A股的前10大流通股东名单中，这里面没有一只次新股的身影，均为市场公认的绩优蓝筹股，如苏泊尔（002032）、老板电器、冀东水泥（000401）、天虹商场以及水井坊（600779）等,61,媒体新闻,c,1
老板电器,令人更为意外的是，瑞银集团一季度还大举卖出诸如海康威视、格力电器、洋河股份、老板电器这些“漂亮50”白马股,62,媒体新闻,c,1
老板电器,截至2016年末，瑞银位列19只A股的前10大流通股东名单中，这里面没有一只次新股的身影，均为市场公认的绩优蓝筹股，如苏泊尔、老板电器、冀东水泥、天虹商场以及水井坊等,62,媒体新闻,c,1
老板电器,"<IMAGE SRC=""http://img03.imgcdc.com/grab/img/20170509/59051494334125.jpg"" >“天猫未来厨房战略发布会”将于5月10日在杭州举行，老板电器与天猫将在发布会上，围绕未来智能厨房变革的理念探讨共同推进之路",63,媒体新闻,c,1
老板电器,届时，老板电器电子商务部总监蒋凌伟、老板电器电子商务部自营总监陆鲣旖受邀出席发布会，并分享对未来厨房的理解与感悟,63,媒体新闻,c,1
老板电器,专注高端厨电38年的老板电器等厨电企业与天猫平台联手触网，共同开启未来厨房时代,63,媒体新闻,c,1
老板电器,"老板电器|智能厨房生态<IMAGE SRC=""http://img04.imgcdc.com/grab/img/20170509/16341494334126.jpg"" >绿色环保理念根植每各行业，是全球发展的趋势，也是老板电器一直以来在倡导理念",63,媒体新闻,c,1
老板电器,2016年老板电器率先提出“绿色智能厨房生态”， 倡导厨房电器向着节能高效的方向发展，并推出独创环保智能CCS中央净化系统，以科技智能解决环境问题,63,媒体新闻,c,1
老板电器,2017年，老板电器再度产品升级，发布第四代智能大吸力油烟机、SmartPan等智能产品,63,媒体新闻,c,1
老板电器,"<IMAGE SRC=""http://img01.imgcdc.com/grab/img/20170509/49151494334126.jpg"" >天猫与老板电器志同道合|开启厨房新局面前日不久，天猫联合阿里公益、菜鸟网络、蚂蚁花呗及众多行业领导品牌，开启“天猫世界地球日”项目，并举办了以“绿色消费 品质生活”为主题的大型新闻发布会，共同发起绿色倡议，",63,媒体新闻,c,1
老板电器,老板电器与天猫同时瞄准绿色厨房生态，在品牌与产品布局上有了方向的一致性，促成双方进一步合作,63,媒体新闻,c,1
老板电器,老板电器将会以尖端技术、最新的科技类产品与其共构“超级厨房”,63,媒体新闻,c,1
老板电器,老板电器|智能厨房生态离我们还有多远？,63,媒体新闻,t,1
老板电器,与此同时，部分恒大的供应商纷纷公布对恒大的战略投资，包括万和电气（002543）、老板电器（002508）、顾家家居（603816）以及友邦吊顶（002718）在内的四家企业共出资11.03亿元通过投资苏州睿灿投资，定向参与恒大地产增资，以期获得恒大地产重组上市资本收益及与恒大地产保持业务战略合作,64,媒体新闻,c,1
老板电器,　　比如茅台、老板电器，这个主要是得益于：　　第一：这一类股票，在牛市的时候，确实也没涨很多，经过几轮下跌之后，估值普遍不高,65,媒体新闻,c,1
老板电器,目前A股市场已进入二维投资时代，建议继续围绕“消费升级+主题周期+价值成长”主线，持有业绩增长确定的一线龙头股，如贵州茅台、格力电器、老板电器、片仔癀、索菲亚、海康威视、歌尔股份、中工国际等,66,媒体新闻,c,1
老板电器,所以说，老板电器38年专注高端厨电领域，不断提高高端厨电的极致体验，在国内始终以标杆的姿态引领行业升级，是实至名归的中国高端厨电领导品牌,67,媒体新闻,c,1
老板电器,精准火候稳住“中式营养”老板灶具9G53的火力系统也是老板电器一大特色,67,媒体新闻,c,1
老板电器,"<IMAGE SRC=""http://img03.imgcdc.com/grab/img/20170509/41801494297181.jpg"" >老板电器致力为消费者打造现代化厨房，铸造高品质生活",67,媒体新闻,c,1
老板电器,牌市占率持续提高;　　公司资讯：　　青岛海尔(12.83 -3.02%，买入)：已确定新增1500万套空调产能　　美的集团(34.71 -2.72%，买入)：与伊莱克斯成立合资公司仍需监管机构审批　　老板电器(51.79 -2.43%，买入)、万和电气(21.31 -2.25%，买入)定向参与恒大地产重组上市签约前战略融资　　中信建投家电组合：　　三花智控(13.11 +2.42%，买入)：主业增,68,媒体新闻,c,1
老板电器,　　青岛海尔：业绩略超预期，GEA并表后业绩突出　　老板电器：房地产数据保证厨电增速无忧，新品类提供增长点　　飞科电器(50.30 +1.39%，买入)：产品涨价逻辑顺畅，个护小家电龙头估值合理有优势　　格力电器(30.58 -3.47%，买入)：空调销售数据向好，高分红加固公司价值　　南方财富网微信号：南财,68,媒体新闻,c,1
老板电器,证券时报网（www.stcn.com）05月09日讯继周一下挫后，今日大消费白马股继续下跌，截止发稿，小天鹅A跌近4%，美的集团、格力电器、老板电器、泸州老窖等个股跌逾2%，贵州茅台、水井坊等个股跌逾1%,69,媒体新闻,c,1
老板电器,业绩增速与估值匹配度较好，稳健配置价值依旧显著；维持行业“看好”评级，坚定看好五朵价值金花，持续推荐业绩稳健增长、估值具有提升预期且股息率优势明显的稳健之花格力电器及美的集团，及增长预期较好的成长之花老板电器及华帝股份，此外持续推荐治理改善带动盈利提升的中央空调概念股海信科龙,70,媒体新闻,c,1
老板电器,他表示，市场昨天呈现一大特色：强势股补跌，从雄安概念大面积暴跌到一带一路遭遇天量抛压，还有次新股板块的恐慌性杀跌，前期市场活跃的三大热点悉数阵亡，之前一直坚挺的所谓价值投资概念如老板电器，格力电器、贵州茅台等也加入补跌阵容,71,媒体新闻,c,1
老板电器,“金色红牛”（直播室链接：http://stock.163.com/eid_MTUx.html#/live）：历史总是惊人的一致市场昨天呈现一大特色：强势股补跌，从雄安概念大面积暴跌到一带一路遭遇天量抛压，还有次新股板块的恐慌性杀跌，前期市场活跃的三大热点悉数阵亡，之前一直坚挺的所谓价值投资概念如老板电器，格力电器、贵州茅台等也加入补跌阵容,71,媒体新闻,c,1
老板电器,目前A股市场已进入二维投资时代，建议继续围绕“消费升级+主题周期+价值成长”主线，持有业绩增长确定的一线龙头股，如贵州茅台、格力电器、老板电器、片仔癀、索菲亚、海康威视、歌尔股份、中工国际等,72,媒体新闻,c,1
老板电器,从这两只基金的前十大重仓股可以看出，基本和名称相符，前者持有的皆为有业绩支撑的成长股，比如长盈精密、立讯精密、歌尔股份、大华股份、老板电器等，在一季度全都实现不俗的上涨,73,媒体新闻,c,1
老板电器,”老板电器海外事业部总监刘清宇说，老板电器已在美国加州设立了创新中心,74,媒体新闻,c,1
老板电器,　　厨电白马股解析　　老板电器(002508)：短期受益地产回暖传导及通胀预期，业绩有望持续超预期,75,媒体新闻,c,1
老板电器,一批年报业绩表现突出的家电、消费类蓝筹股，大幅上涨，如贵州茅台、老板电器等更创历史新高,76,媒体新闻,c,1
老板电器,特别是白马股开始补跌，譬如白酒龙头贵州茅台（600519）首次跌破10日均线，家电龙头老板电器（002508）也放量重挫破位，还有前期强势股也补跌，一带一路龙头西部建设（002302）今日破位跌停，中国交建（601800）早盘也出现了放量急杀,77,媒体新闻,c,1
老板电器,"　　<IMAGE SRC=""http://c.cnfolimg.com/20170508/3/12963577113172059691.jpg"" >　　出口温和回暖　　4月16日，在广交会展馆对面的威斯汀酒店里，记者留意到奥马电器、老板电器的海外客户沟通会门前排起了长队",78,媒体新闻,c,1
老板电器,老板电器海外事业部总监刘清宇告诉第一财经记者，老板电器积极拓展海外自主品牌业务，除了老板、名气，海外还有NBOND等品牌,78,媒体新闻,c,1
老板电器,“刘清宇说，老板电器已在美国加州设立了创新中心,78,媒体新闻,c,1
老板电器,但还有更糟糕的，以前不玩热点还可以去白马蓝筹股里“吃药、喝酒、买家电”，去抱团避险，但今天午后，蓝筹也开始崩了，老板电器（002508）大跌5%，格力电器（000651）、五粮液（000858）均跌3%，贵州茅台（600519）跌逾2%......反正该崩的不该崩的都崩了!　　再看指数，今天虽然国家队尾盘再次上演救场戏码，都最终还是没有站上年线,79,媒体新闻,c,1
老板电器,吸引了王老吉、上汽通用汽车、高露洁、周生生、去哪儿、博世中国、老板电器、I Do、网易、凤凰、搜狐、芒果TV、一点资讯、秒拍、美图、一直播、陌陌、搜狗、妈妈网、喜马拉雅、蜻蜓FM、豌豆荚、省广博报堂、时趣广告、趣致网络科技、中国科协等品牌主、媒体公司、广告机构的参与，所有获奖案例将在现场颁发,80,媒体新闻,c,1
老板电器,别的，五粮液、长春高新、信立泰、柳州医药、朗科智能、伊利股份、浙江仙通、今日世界、川环科技、海利得、雄帝科技、永和智控、新宙邦、老板电器等公司现金分红总额占净利润比例也均在50%以上，上述19家公司估量派现金额达3400.86亿元,81,媒体新闻,c,1
